ORIGSA1_2021,DESTSA1_2021,Distance,index_x,dist_to_SA1_x,Origin_Node,dist_to_node_x,index_y,dist_to_SA1_y,Destination_Node,dist_to_node_y,shortest_path_m
11701163407,11701163424,0,1,0.0,8920.0,0.0,5,0.0,1295.0,0.0,48.814269821850566
11701163407,11703164320,0,1,0.0,8920.0,0.0,364,0.0,2098.0,0.0,1129.419518382491
11701163415,11701163407,0,3,0.0,1296.0,0.0,1,0.0,8920.0,0.0,1618.2474435902163
11701163420,11703164316,0,4,0.0,9057.0,0.0,360,0.0,1866.0,0.0,1322.7976171316957
11701163424,11703164305,0,5,0.0,8920.0,0.0,349,0.0,1421.0,0.0,1584.524484409378
11701163512,11701163503,0,7,0.0,3191.0,0.0,6,0.0,10246.0,0.0,2071.243527697256
11701163542,11701163527,0,9,0.0,1301.0,0.0,8,0.0,3163.0,0.0,902.270646339375
11701163542,11703133020,0,9,0.0,1301.0,0.0,56,0.0,1787.0,0.0,1352.7864727743276
11701163542,11703133038,0,9,0.0,1301.0,0.0,71,0.0,1805.0,0.0,616.5179360341676
11702132805,11703133032,0,10,0.0,8467.0,0.0,65,0.0,3185.0,9.331397911231848e-10,2699.712496216812
11702132815,11703133032,0,11,0.0,3065.0,0.0,65,0.0,3185.0,9.331397911231848e-10,972.5239913723284
11702132819,11703133022,0,12,0.0,3155.0,0.0,57,0.0,3000.0,0.0,1132.729547399245
11703132902,11703132906,0,15,0.0,6596.0,0.0,19,0.0,6519.0,0.0,603.6221067690983
11703132902,11801134504,0,15,0.0,6596.0,0.0,514,0.0,3794.0,0.0,1160.4941533781505
11703132903,11703132902,0,16,0.0,6369.0,1.862645149230957e-09,15,0.0,6596.0,0.0,394.3962648971872
11703132903,11801134504,0,16,0.0,6369.0,1.862645149230957e-09,514,0.0,3794.0,0.0,1363.9201810321929
11703132903,11801134515,0,16,0.0,6369.0,1.862645149230957e-09,520,0.0,989.0,0.0,2639.6261853852275
11703132905,11703133603,0,18,0.0,7500.0,0.0,186,0.0,199.0,0.0,774.5491386553298
11703132905,11703133613,0,18,0.0,7500.0,0.0,195,0.0,298.0,0.0,732.6500339041836
11703132905,11703164402,0,18,0.0,7500.0,0.0,367,0.0,9725.0,0.0,945.0803181148526
11703132906,11703132904,0,19,0.0,6519.0,0.0,17,0.0,861.0,0.0,1300.9086902421468
11703132908,11703132905,0,21,0.0,7504.0,0.0,18,0.0,7500.0,0.0,171.91820017371907
11703132908,11703132908,0,21,0.0,7505.0,0.0,21,0.0,7504.0,0.0,8.546395406603311
11703132908,11703133622,0,21,0.0,7504.0,0.0,203,0.0,7536.0,0.0,885.1692610717764
11703132908,11801134536,0,21,0.0,7504.0,0.0,533,0.0,2967.0,0.0,853.7451942471378
11703132909,11703132908,0,22,0.0,7489.0,0.0,21,0.0,7504.0,0.0,379.7634614548467
11703132909,11703133611,0,22,0.0,7489.0,0.0,193,0.0,8734.0,0.0,941.0290650812376
11703132910,11703132920,0,23,0.0,7473.0,2.3865140974521633e-09,33,0.0,6795.0,0.0,547.0402379764432
11703132910,11703132925,0,23,0.0,7473.0,2.3865140974521633e-09,38,0.0,6576.0,0.0,361.2127149457307
11703132911,11703132924,0,24,0.0,9408.0,0.0,37,0.0,3690.0,9.331397911231848e-10,713.298784045644
11703132912,11703132911,0,25,0.0,3514.0,2.270098775625229e-09,24,0.0,9408.0,0.0,594.0873526783718
11703132912,11703133333,0,25,0.0,3514.0,2.270098775625229e-09,164,0.0,7221.0,2.3283064365386963e-09,640.0091349290421
11703132913,11801134519,0,26,0.0,4377.0,0.0,521,0.0,3928.0,0.0,849.3530818866112
11703132915,11703132917,0,28,0.0,8089.0,0.0,30,0.0,6813.0,0.0,281.0657802856658
11703132915,11703164428,0,28,0.0,8089.0,0.0,391,0.0,5487.0,0.0,1250.151428854884
11703132915,11703164528,0,28,0.0,8089.0,0.0,420,0.0,7596.0,0.0,222.3564058656063
11703132916,11703164502,0,29,0.0,6540.0,3.0273580048107174e-09,394,0.0,7293.0,0.0,482.2773497549088
11703132919,11703132924,0,32,0.0,6354.0,0.0,37,0.0,3690.0,9.331397911231848e-10,437.5476866653902
11703132920,11703132907,0,33,0.0,6795.0,0.0,20,0.0,7465.0,0.0,910.6652897032892
11703132921,11703132907,0,34,0.0,4360.0,2.561798445492213e-09,20,0.0,7465.0,0.0,379.739614196939
11703132922,11703132923,0,35,0.0,4365.0,0.0,36,0.0,3547.0,9.331397911231848e-10,369.36242407536776
11703132925,11703132902,0,38,0.0,6576.0,0.0,15,0.0,6596.0,0.0,841.6291453781816
11703132925,11703132923,0,38,0.0,6576.0,0.0,36,0.0,3547.0,9.331397911231848e-10,646.2989600340383
11703132925,11703133321,0,38,0.0,6576.0,0.0,152,0.0,5247.0,0.0,1108.0223922207058
11703132925,11703133328,0,38,0.0,6576.0,0.0,159,0.0,6365.0,2.444721758365631e-09,1441.5062962474342
11703132926,11703132901,0,39,0.0,3941.0,0.0,14,0.0,3730.0,0.0,702.2891155169618
11703132926,11801134519,0,39,0.0,3941.0,0.0,521,0.0,3928.0,0.0,842.3898532910242
11703133003,11703133007,0,42,0.0,3898.0,2.3865140974521633e-09,46,0.0,3536.0,0.0,1046.259679727532
11703133003,11703133026,0,42,0.0,3898.0,2.3865140974521633e-09,59,0.0,9441.0,9.313225746154783e-10,690.9911677114048
11703133003,11703133037,0,42,0.0,3898.0,2.3865140974521633e-09,70,0.0,8468.0,0.0,948.325545033488
11703133005,11703133006,0,44,0.0,3609.0,2.3865140974521633e-09,45,0.0,3353.0,0.0,1197.0595404320875
11703133006,11703133033,0,45,0.0,3353.0,0.0,66,0.0,3162.0,1.862645149230957e-09,1764.0581520777346
11703133008,11703133051,0,47,0.0,3900.0,0.0,83,0.0,1780.0,0.0,1301.5309317121528
11703133008,11703164203,0,47,0.0,3900.0,0.0,314,0.0,3492.0,0.0,1109.5116209200378
11703133009,11703164209,0,48,0.0,9454.0,0.0,320,0.0,3788.0,1.862645149230957e-09,1485.5661940210073
11703133010,11703133003,0,49,0.0,3670.0,0.0,42,0.0,3898.0,2.3865140974521633e-09,1340.4068935100938
11703133013,11703133014,0,50,0.0,1637.0,9.313225746154783e-10,51,0.0,2187.0,1.862645149230957e-09,1234.8651249583982
11703133013,11703133047,0,50,0.0,1637.0,9.313225746154783e-10,79,0.0,9436.0,0.0,1200.7277693243177
11703133017,11703133049,0,54,0.0,9233.0,0.0,81,0.0,3187.0,0.0,311.13532396470885
11703133018,11703133003,0,55,0.0,3309.0,0.0,42,0.0,3898.0,2.3865140974521633e-09,2503.3657376257133
11703133020,11701163527,0,56,0.0,1787.0,0.0,8,0.0,3163.0,0.0,2255.0571191137033
11703133020,11703133016,0,56,0.0,1787.0,0.0,53,0.0,9242.0,0.0,2218.2240602614224
11703133020,11703164317,0,56,0.0,1787.0,0.0,361,0.0,1958.0,0.0,1304.2272883394949
11703133023,11703133006,0,58,0.0,3437.0,0.0,45,0.0,3353.0,0.0,833.2226743685799
11703133023,11703133027,0,58,0.0,3437.0,0.0,60,0.0,3585.0,0.0,1813.0356478227664
11703133027,11703133048,0,60,0.0,3585.0,0.0,80,0.0,9311.0,0.0,1186.5792977615197
11703133027,11703164004,0,60,0.0,3585.0,0.0,263,0.0,9380.0,0.0,727.7465407889189
11703133028,11703133003,0,61,0.0,3035.0,0.0,42,0.0,3898.0,2.3865140974521633e-09,777.4218276049128
11703133029,11702132820,0,62,0.0,3136.0,0.0,13,0.0,3065.0,0.0,751.0087836210703
11703133029,11703164021,0,62,0.0,3136.0,0.0,276,0.0,9315.0,0.0,227.745189306966
11703133030,11703164010,0,63,0.0,3057.0,2.3865140974521633e-09,268,0.0,3398.0,0.0,529.594029353305
11703133032,11702132820,0,65,0.0,3185.0,9.331397911231848e-10,13,0.0,3065.0,0.0,972.5239913723284
11703133033,11703133027,0,66,0.0,3162.0,1.862645149230957e-09,60,0.0,3585.0,0.0,695.0552544893424
11703133033,11703133037,0,66,0.0,3162.0,1.862645149230957e-09,70,0.0,8468.0,0.0,274.3204619622491
11703133033,11703164001,0,66,0.0,3162.0,1.862645149230957e-09,260,0.0,2991.0,0.0,1136.0009047484707
11703133036,11703133046,0,69,0.0,3159.0,0.0,78,0.0,9262.0,0.0,433.2775861012123
11703133037,11703133046,0,70,0.0,8468.0,0.0,78,0.0,9262.0,0.0,315.0195763892149
11703133038,11703133020,0,71,0.0,1805.0,0.0,56,0.0,1787.0,0.0,1119.483982327693
11703133038,11703164705,0,71,0.0,1805.0,0.0,454,0.0,2175.0,0.0,2910.7466983282216
11703133040,11703133003,0,73,0.0,3937.0,0.0,42,0.0,3898.0,2.3865140974521633e-09,1045.6155608312945
11703133042,11703133010,0,74,0.0,2975.0,9.313225746154783e-10,49,0.0,3670.0,0.0,679.2439624709702
11703133042,11703133018,0,74,0.0,2975.0,9.313225746154783e-10,55,0.0,3309.0,0.0,1799.8319088458434
11703133042,11703133051,0,74,0.0,2975.0,9.313225746154783e-10,83,0.0,1780.0,0.0,1221.3588386928627
11703133045,11703133028,0,77,0.0,3624.0,2.444721758365631e-09,61,0.0,3035.0,0.0,946.9084435488144
11703133045,11703164009,0,77,0.0,3624.0,2.444721758365631e-09,267,0.0,4049.0,0.0,770.6659639957375
11703133045,11703164207,0,77,0.0,3624.0,2.444721758365631e-09,318,0.0,4004.0,0.0,2468.731662275054
11703133049,11703133031,0,81,0.0,3187.0,0.0,64,0.0,3151.0,0.0,560.5420419739096
11703133106,11703133152,0,88,0.0,2634.0,2.3283064365386963e-09,132,0.0,2624.0,0.0,643.4932283039116
11703133106,11703163814,0,88,0.0,2634.0,2.3283064365386963e-09,235,0.0,2533.0,0.0,231.14377791626617
11703133107,11703133152,0,89,0.0,2544.0,0.0,132,0.0,2624.0,0.0,556.8054830041198
11703133109,11703133133,0,91,0.0,7847.0,2.3865140974521633e-09,113,0.0,8768.0,0.0,737.511128145393
11703133109,11703163819,0,91,0.0,7847.0,2.3865140974521633e-09,239,0.0,8571.0,0.0,
11703133110,11703133109,0,92,0.0,7845.0,0.0,91,0.0,7847.0,2.3865140974521633e-09,407.3688078532471
11703133110,11703133111,0,92,0.0,7845.0,0.0,93,0.0,7949.0,2.3283064365386963e-09,549.5211069542877
11703133110,11703133142,0,92,0.0,7845.0,0.0,122,0.0,5826.0,0.0,320.01735722855244
11703133112,11703133133,0,94,0.0,2417.0,2.3283064365386963e-09,113,0.0,8768.0,0.0,1187.8053709128149
11703133113,11703133109,0,95,0.0,2559.0,0.0,91,0.0,7847.0,2.3865140974521633e-09,703.5881130871144
11703133114,11703133117,0,96,0.0,5207.0,0.0,99,0.0,9853.0,0.0,1087.1015868506277
11703133115,11703133117,0,97,0.0,6067.0,2.3283064365386963e-09,99,0.0,9853.0,0.0,328.08474283905304
11703133115,11703133137,0,97,0.0,6067.0,2.3283064365386963e-09,117,0.0,6046.0,0.0,326.50411116065357
11703133116,11703164109,0,98,0.0,7041.0,0.0,290,0.0,6081.0,0.0,2978.005085681549
11703133117,11703133117,0,99,0.0,9853.0,0.0,99,0.0,8357.0,0.0,341.24551689672893
11703133119,11703133140,0,101,0.0,5707.0,2.3283064365386963e-09,120,0.0,7841.0,0.0,825.252846001716
11703133121,11703133141,0,102,0.0,2546.0,0.0,121,0.0,6019.0,0.0,660.8903427016567
11703133121,11703133144,0,102,0.0,2546.0,0.0,124,0.0,7825.0,9.313225746154783e-10,681.9151819876728
11703133122,11703133141,0,103,0.0,5730.0,0.0,121,0.0,6019.0,0.0,460.2521646964691
11703133123,11703133131,0,104,0.0,9839.0,0.0,111,0.0,5748.0,0.0,707.5697128271402
11703133123,11703133133,0,104,0.0,9839.0,0.0,113,0.0,8768.0,0.0,1275.762917438768
11703133123,11703133139,0,104,0.0,9839.0,0.0,119,0.0,5755.0,2.936459671619683e-09,1034.410405139472
11703133124,11703133145,0,105,0.0,9173.0,0.0,125,0.0,7862.0,2.3283064365386963e-09,911.8415398348136
11703133125,11703133124,0,106,0.0,7954.0,0.0,105,0.0,9173.0,0.0,409.4774483684753
11703133127,11703133139,0,107,0.0,6958.0,0.0,119,0.0,5755.0,2.936459671619683e-09,1075.441495988035
11703133128,11703164118,0,108,0.0,10011.0,0.0,299,0.0,7403.0,0.0,1178.3114192876872
11703133128,11703164130,0,108,0.0,10011.0,0.0,311,0.0,5650.0,2.3865140974521633e-09,2730.5568737853014
11703133128,11703164616,0,108,0.0,10011.0,0.0,444,0.0,10079.0,0.0,961.1067633653496
11703133129,11703164618,0,109,0.0,7004.0,0.0,446,0.0,7756.0,0.0,755.6307721080435
11703133131,11703133127,0,111,0.0,5748.0,0.0,107,0.0,6958.0,0.0,688.0766014494552
11703133131,11703164612,0,111,0.0,5748.0,0.0,440,0.0,2933.0,0.0,749.8882691921551
11703133132,11703164615,0,112,0.0,2613.0,0.0,443,0.0,7030.0,0.0,489.6859248496386
11703133133,11703164015,0,113,0.0,8768.0,0.0,271,0.0,3889.0,0.0,2213.64523648002
11703133137,11703133105,0,117,0.0,6046.0,0.0,87,0.0,5466.0,0.0,852.386736479451
11703133137,11703133118,0,117,0.0,6046.0,0.0,100,0.0,5852.0,0.0,456.82639646693497
11703133137,11703133136,0,117,0.0,6046.0,0.0,116,0.0,6076.0,9.313225746154783e-10,386.9484420008758
11703133139,11703133127,0,119,0.0,5755.0,2.936459671619683e-09,107,0.0,6958.0,0.0,1075.441495988035
11703133139,11703133140,0,119,0.0,5755.0,2.936459671619683e-09,120,0.0,7841.0,0.0,740.6816724036643
11703133140,11703133146,0,120,0.0,7841.0,0.0,126,0.0,7874.0,0.0,618.2296100593475
11703133141,11703133111,0,121,0.0,6019.0,0.0,93,0.0,7949.0,2.3283064365386963e-09,452.6823681952041
11703133144,11703133144,0,124,0.0,7825.0,9.313225746154783e-10,124,0.0,7870.0,9.313225746154783e-10,10.351702444795109
11703133144,11703163820,0,124,0.0,7825.0,9.313225746154783e-10,240,0.0,9141.0,0.0,616.2887994289581
11703133145,11703133124,0,125,0.0,7862.0,2.3283064365386963e-09,105,0.0,9173.0,0.0,911.8415398348136
11703133145,11703133147,0,125,0.0,7862.0,2.3283064365386963e-09,127,0.0,10150.0,2.3283064365386963e-09,616.4245213249045
11703133147,11703133111,0,127,0.0,10150.0,2.3283064365386963e-09,93,0.0,7949.0,2.3283064365386963e-09,767.64312937416
11703133149,11703133138,0,129,0.0,7975.0,0.0,118,0.0,7889.0,0.0,670.8780360620141
11703133149,12002167421,0,129,0.0,7975.0,0.0,548,0.0,7897.0,9.331397911231848e-10,1121.830067179707
11703133303,11703133301,0,135,0.0,5232.0,0.0,133,0.0,5630.0,0.0,408.7025076542626
11703133304,11703133349,0,136,0.0,9868.0,0.0,179,0.0,5623.0,0.0,930.9026383683796
11703133305,11703133315,0,137,0.0,9955.0,0.0,146,0.0,6557.0,0.0,268.3719638251355
11703133305,11703133349,0,137,0.0,9955.0,0.0,179,0.0,5623.0,0.0,912.8503957344262
11703133305,11703133350,0,137,0.0,9955.0,0.0,180,0.0,6395.0,0.0,258.6127265601451
11703133308,11703133308,0,139,0.0,9984.0,0.0,139,0.0,6558.0,0.0,148.36407631595043
11703133309,11703133304,0,140,0.0,6856.0,2.444721758365631e-09,136,0.0,9868.0,0.0,661.4243558691742
11703133309,11703133314,0,140,0.0,6856.0,2.444721758365631e-09,145,0.0,8119.0,0.0,933.7306001343558
11703133309,11703133351,0,140,0.0,6856.0,2.444721758365631e-09,181,0.0,9459.0,0.0,508.00744556342175
11703133310,11703133310,0,141,0.0,6853.0,0.0,141,0.0,6852.0,0.0,6.4595305937555185
11703133311,11703133307,0,142,0.0,6858.0,2.444721758365631e-09,138,0.0,6889.0,0.0,656.1285811426268
11703133311,11703133310,0,142,0.0,6858.0,2.444721758365631e-09,141,0.0,6852.0,0.0,285.04811479262327
11703133315,11703133348,0,146,0.0,6557.0,0.0,178,0.0,9700.0,0.0,653.4156452179684
11703133317,11703133326,0,148,0.0,5398.0,0.0,157,0.0,6559.0,0.0,899.276621935826
11703133318,11703132918,0,149,0.0,5431.0,0.0,31,0.0,5523.0,0.0,402.0726154225569
11703133320,11703164428,0,151,0.0,5152.0,2.3283064365386963e-09,391,0.0,5487.0,0.0,1463.398655221116
11703133321,11703133321,0,152,0.0,9724.0,0.0,152,0.0,5247.0,0.0,242.91649942433205
11703133321,11703164410,0,152,0.0,5247.0,0.0,375,0.0,1228.0,0.0,2216.727162365937
11703133322,11703133352,0,153,0.0,5564.0,0.0,182,0.0,4385.0,0.0,425.5355673731833
11703133323,11703133310,0,154,0.0,5578.0,2.3283064365386963e-09,141,0.0,6852.0,0.0,993.654423960454
11703133324,11703133327,0,155,0.0,9937.0,0.0,158,0.0,6518.0,0.0,453.8927794238881
11703133326,11703133323,0,157,0.0,6559.0,0.0,154,0.0,5578.0,2.3283064365386963e-09,713.8120282239815
11703133328,11703133309,0,159,0.0,6365.0,2.444721758365631e-09,140,0.0,6856.0,2.444721758365631e-09,1085.455787410492
11703133331,11703133304,0,162,0.0,5144.0,0.0,136,0.0,9868.0,0.0,697.1526304195731
11703133332,11703133302,0,163,0.0,5143.0,0.0,134,0.0,8420.0,1.862645149230957e-09,1403.4010064751965
11703133333,11703133336,0,164,0.0,7221.0,2.3283064365386963e-09,167,0.0,7456.0,0.0,542.2420519257532
11703133333,11703133349,0,164,0.0,7221.0,2.3283064365386963e-09,179,0.0,5623.0,0.0,805.6374265300167
11703133333,11703133353,0,164,0.0,7221.0,2.3283064365386963e-09,183,0.0,6627.0,9.331397911231848e-10,864.1161611422948
11703133333,11801165008,0,164,0.0,7221.0,2.3283064365386963e-09,537,0.0,7167.0,0.0,100.45665320881936
11703133334,11703133346,0,165,0.0,7463.0,0.0,177,0.0,7445.0,0.0,512.7587143477577
11703133334,11801165019,0,165,0.0,7463.0,0.0,538,0.0,7167.0,0.0,416.74274061394874
11703133336,11703133336,0,167,0.0,7456.0,0.0,167,0.0,7455.0,0.0,22.30470249866932
11703133336,11703133352,0,167,0.0,7456.0,0.0,182,0.0,4385.0,0.0,254.8748879092927
11703133341,11703133308,0,172,0.0,5260.0,0.0,139,0.0,6558.0,0.0,477.0644380340724
11703133342,11703133303,0,173,0.0,5334.0,0.0,135,0.0,5232.0,0.0,245.40866605868152
11703133343,11703133346,0,174,0.0,9920.0,0.0,177,0.0,7445.0,0.0,819.6112354118974
11703133343,11703133350,0,174,0.0,9920.0,0.0,180,0.0,6395.0,0.0,481.8154799691056
11703133344,11703133316,0,175,0.0,6469.0,1.863554421996479e-09,147,0.0,6569.0,0.0,310.32412121758415
11703133344,11703133348,0,175,0.0,6469.0,1.863554421996479e-09,178,0.0,9700.0,0.0,769.3818034152317
11703133345,11703133303,0,176,0.0,5146.0,0.0,135,0.0,5232.0,0.0,1121.7849594949566
11703133345,11703133349,0,176,0.0,5146.0,0.0,179,0.0,5623.0,0.0,802.9683839319925
11703133346,11703132927,0,177,0.0,7445.0,0.0,40,0.0,7458.0,0.0,740.152508014558
11703133346,11703133348,0,177,0.0,7445.0,0.0,178,0.0,9700.0,0.0,148.46240264501336
11703133348,11703133311,0,178,0.0,9700.0,0.0,142,0.0,6858.0,2.444721758365631e-09,663.7110565146745
11703133350,11703133349,0,180,0.0,6395.0,0.0,179,0.0,5623.0,0.0,878.5685603076895
11703133351,11703132927,0,181,0.0,9459.0,0.0,40,0.0,7458.0,0.0,86.41359258278133
11703133351,11703133334,0,181,0.0,9459.0,0.0,165,0.0,7463.0,0.0,364.52879266802785
11703133352,11703132923,0,182,0.0,4385.0,0.0,36,0.0,3547.0,9.331397911231848e-10,372.94843041082754
11703133353,11703133348,0,183,0.0,6627.0,9.331397911231848e-10,178,0.0,9700.0,0.0,753.2717651278682
11703133601,11703133610,0,184,0.0,331.0,9.313225746154783e-10,192,0.0,7354.0,0.0,1100.441263304704
11703133601,11703163901,0,184,0.0,331.0,9.313225746154783e-10,242,0.0,2207.0,0.0,1152.059642898745
11703133602,11703133609,0,185,0.0,796.0,0.0,191,0.0,669.0,0.0,671.7811684061137
11703133602,11703133626,0,185,0.0,796.0,0.0,207,0.0,717.0,0.0,774.076160746351
11703133602,11703133631,0,185,0.0,796.0,0.0,211,0.0,272.0,0.0,314.339844063152
11703133602,11703133636,0,185,0.0,796.0,0.0,216,0.0,8773.0,2.3283064365386963e-09,444.4066123076695
11703133602,11703164229,0,185,0.0,796.0,0.0,340,0.0,4643.0,0.0,1008.2929301505468
11703133605,11703133610,0,187,0.0,918.0,0.0,192,0.0,7354.0,0.0,962.5561857098884
11703133607,11703133609,0,189,0.0,435.0,0.0,191,0.0,669.0,0.0,205.1308161748184
11703133607,11703133633,0,189,0.0,435.0,0.0,213,0.0,737.0,0.0,547.5907257209237
11703133607,11703133638,0,189,0.0,435.0,0.0,218,0.0,507.0,9.331397911231848e-10,1090.5964319319614
11703133609,11703133623,0,191,0.0,669.0,0.0,204,0.0,114.0,0.0,624.413838927343
11703133610,11703133633,0,192,0.0,7354.0,0.0,213,0.0,737.0,0.0,1102.4686752804564
11703133611,11703133614,0,193,0.0,8734.0,0.0,196,0.0,840.0,2.3865140974521633e-09,628.8049968760652
11703133611,11703133624,0,193,0.0,8734.0,0.0,205,0.0,8674.0,9.331397911231848e-10,578.8358420864586
11703133611,11703133634,0,193,0.0,8734.0,0.0,214,0.0,241.0,0.0,699.84716839598
11703133611,11801134514,0,193,0.0,8734.0,0.0,519,0.0,4856.0,9.313225746154783e-10,2033.1887796004496
11703133612,11703132909,0,194,0.0,852.0,0.0,22,0.0,7489.0,0.0,643.9667033676968
11703133612,11703133603,0,194,0.0,852.0,0.0,186,0.0,199.0,0.0,738.1857605378518
11703133612,11703133618,0,194,0.0,852.0,0.0,200,0.0,7610.0,0.0,572.0153443684302
11703133613,11703133618,0,195,0.0,298.0,0.0,200,0.0,7610.0,0.0,852.4832117534515
11703133614,11703133640,0,196,0.0,840.0,2.3865140974521633e-09,220,0.0,7521.0,0.0,419.89296425498617
11703133615,11703164521,0,197,0.0,7237.0,0.0,413,0.0,7679.0,0.0,1088.0262450214432
11703133616,11703133601,0,198,0.0,10047.0,0.0,184,0.0,331.0,9.313225746154783e-10,1209.9318009010717
11703133616,11703133603,0,198,0.0,10047.0,0.0,186,0.0,199.0,0.0,606.0000789330641
11703133616,11703164536,0,198,0.0,10047.0,0.0,428,0.0,5683.0,0.0,717.0553009371645
11703133617,11703133618,0,199,0.0,7612.0,0.0,200,0.0,7610.0,0.0,415.64071315007743
11703133618,11703133624,0,200,0.0,7610.0,0.0,205,0.0,8674.0,9.331397911231848e-10,711.8959570503453
11703133619,11703133614,0,201,0.0,7499.0,0.0,196,0.0,840.0,2.3865140974521633e-09,631.1263848424069
11703133619,11703133618,0,201,0.0,7499.0,0.0,200,0.0,7610.0,0.0,707.8681999980371
11703133619,11703164521,0,201,0.0,7499.0,0.0,413,0.0,7679.0,0.0,1178.568845718642
11703133620,11703132909,0,202,0.0,7225.0,0.0,22,0.0,7489.0,0.0,272.38141723606105
11703133620,11703164521,0,202,0.0,7225.0,0.0,413,0.0,7679.0,0.0,1125.017048087546
11703133622,11703133640,0,203,0.0,7536.0,0.0,220,0.0,7521.0,0.0,521.7921201565301
11703133624,11703133618,0,205,0.0,8674.0,9.331397911231848e-10,200,0.0,7610.0,0.0,711.8959570503454
11703133624,11703133631,0,205,0.0,8674.0,9.331397911231848e-10,211,0.0,272.0,0.0,690.8626903426373
11703133624,11801134535,0,205,0.0,8674.0,9.331397911231848e-10,532,0.0,2576.0,2.507662776454586e-09,816.4329814935074
11703133625,11801134522,0,206,0.0,2259.0,0.0,522,0.0,8049.0,0.0,1255.1503358059815
11703133626,11703133602,0,207,0.0,717.0,0.0,185,0.0,796.0,0.0,774.0761607463508
11703133629,11703133634,0,209,0.0,774.0,5.820766091346741e-11,214,0.0,241.0,0.0,591.5390039261625
11703133630,11703133629,0,210,0.0,772.0,1.1641532182693479e-10,209,0.0,774.0,5.820766091346741e-11,216.26453444221823
11703133632,11801134515,0,212,0.0,935.0,0.0,520,0.0,989.0,0.0,2086.9409064918423
11703133632,11802156412,0,212,0.0,935.0,0.0,541,0.0,4827.0,0.0,2204.133314272998
11703133636,11703164232,0,216,0.0,8773.0,2.3283064365386963e-09,343,0.0,4796.0,0.0,1064.7126371824231
11703133639,11703133636,0,219,0.0,810.0,0.0,216,0.0,8773.0,2.3283064365386963e-09,800.2600092517332
11703133639,11703133637,0,219,0.0,810.0,0.0,217,0.0,406.0,0.0,494.4763474478053
11703133641,11703133641,0,221,0.0,8727.0,0.0,221,0.0,274.0,0.0,5.948850757220543
11703133642,11703132919,0,222,0.0,7495.0,0.0,32,0.0,6354.0,0.0,525.265731726588
11703163801,11703163803,0,223,0.0,3958.0,9.331397911231848e-10,225,0.0,2764.0,0.0,1440.1935663669117
11703163801,11703163805,0,223,0.0,3958.0,9.331397911231848e-10,227,0.0,10298.0,0.0,
11703163802,11703163806,0,224,0.0,2468.0,0.0,228,0.0,3804.0,0.0,565.1779934677328
11703163803,11703163819,0,225,0.0,2764.0,0.0,239,0.0,8571.0,0.0,
11703163805,11703163807,0,227,0.0,10298.0,0.0,229,0.0,9181.0,0.0,
11703163805,11703163815,0,227,0.0,10298.0,0.0,236,0.0,8617.0,0.0,
11703163805,11703164017,0,227,0.0,10298.0,0.0,273,0.0,3951.0,0.0,
11703163807,11703163804,0,229,0.0,9181.0,0.0,226,0.0,2297.0,2.3865140974521633e-09,598.2451786011173
11703163807,11703163805,0,229,0.0,9181.0,0.0,227,0.0,10298.0,0.0,
11703163807,11703163813,0,229,0.0,9181.0,0.0,234,0.0,2769.0,2.3283064365386963e-09,604.0931810978194
11703163808,11703133112,0,230,0.0,3549.0,0.0,94,0.0,2417.0,2.3283064365386963e-09,1658.938050086362
11703163808,11703164009,0,230,0.0,3549.0,0.0,267,0.0,4049.0,0.0,783.4759088442958
11703163808,11703164011,0,230,0.0,3549.0,0.0,269,0.0,9421.0,0.0,702.8816065701293
11703163809,11703163819,0,231,0.0,2463.0,2.3865140974521633e-09,239,0.0,8571.0,0.0,
11703163810,11703163811,0,232,0.0,2505.0,0.0,233,0.0,2290.0,0.0,60.585875694857464
11703163811,11703164013,0,233,0.0,2290.0,0.0,270,0.0,3993.0,0.0,1420.4267453111163
11703163814,11703163815,0,235,0.0,2533.0,0.0,236,0.0,8617.0,0.0,1311.4904662284664
11703163816,11703163816,0,237,0.0,3705.0,0.0,237,0.0,3947.0,0.0,9.66490220549494
11703163816,11703163819,0,237,0.0,3947.0,0.0,239,0.0,8571.0,0.0,
11703163816,11703164009,0,237,0.0,3947.0,0.0,267,0.0,4049.0,0.0,636.3042616930819
11703163816,11703164032,0,237,0.0,3947.0,0.0,280,0.0,3572.0,0.0,304.27708087859725
11703163817,11703163814,0,238,0.0,9156.0,0.0,235,0.0,2533.0,0.0,358.346659396423
11703163817,11703164002,0,238,0.0,9156.0,0.0,261,0.0,9403.0,0.0,608.937463410584
11703163819,11703133142,0,239,0.0,8571.0,0.0,122,0.0,5826.0,0.0,
11703163819,11703163809,0,239,0.0,8571.0,0.0,231,0.0,2463.0,2.3865140974521633e-09,
11703163819,11703163816,0,239,0.0,8571.0,0.0,237,0.0,3947.0,0.0,
11703163819,11703163914,0,239,0.0,8571.0,0.0,255,0.0,2783.0,0.0,
11703163819,11703164009,0,239,0.0,8571.0,0.0,267,0.0,4049.0,0.0,
11703163819,11703164023,0,239,0.0,8571.0,0.0,277,0.0,4064.0,0.0,
11703163819,11703164027,0,239,0.0,8571.0,0.0,279,0.0,4013.0,0.0,
11703163824,11703163814,0,241,0.0,2538.0,9.313225746154783e-10,235,0.0,2533.0,0.0,235.16579868433016
11703163901,11703163813,0,242,0.0,2207.0,0.0,234,0.0,2769.0,2.3283064365386963e-09,1375.99163883966
11703163901,11703164525,0,242,0.0,2207.0,0.0,417,0.0,7093.0,0.0,767.6276116660929
11703163902,11703163913,0,243,0.0,2272.0,2.444721758365631e-09,254,0.0,2863.0,0.0,219.14229495330747
11703163902,11703164535,0,243,0.0,2272.0,2.444721758365631e-09,427,0.0,7107.0,0.0,622.6678370817482
11703163902,11703164603,0,243,0.0,2272.0,2.444721758365631e-09,431,0.0,2890.0,0.0,117.73151180780113
11703163903,11703163903,0,244,0.0,589.0,0.0,244,0.0,587.0,0.0,11.474955911425084
11703163904,11703163906,0,245,0.0,2407.0,0.0,247,0.0,594.0,0.0,1045.1531684268878
11703163904,11703163911,0,245,0.0,2407.0,0.0,252,0.0,2450.0,0.0,308.1123662681886
11703163904,11703163915,0,245,0.0,2407.0,0.0,256,0.0,9184.0,0.0,366.19391037229747
11703163904,11703164608,0,245,0.0,2407.0,0.0,436,0.0,2444.0,9.313225746154783e-10,405.7961855165116
11703163909,11703163805,0,250,0.0,2321.0,0.0,227,0.0,10298.0,0.0,
11703163910,11703163908,0,251,0.0,2565.0,0.0,249,0.0,2590.0,0.0,417.3672803064559
11703163910,11703164612,0,251,0.0,2565.0,0.0,440,0.0,2933.0,0.0,668.2675100345715
11703163911,11703163905,0,252,0.0,2450.0,0.0,246,0.0,2484.0,0.0,381.2695619206053
11703163913,11703163910,0,254,0.0,2863.0,0.0,251,0.0,2565.0,0.0,417.7968094207408
11703163913,11703164603,0,254,0.0,2863.0,0.0,431,0.0,2890.0,0.0,336.8738067611086
11703163914,11703163914,0,255,0.0,2782.0,0.0,255,0.0,2783.0,0.0,15.859001753811338
11703163915,11703133617,0,256,0.0,9184.0,0.0,199,0.0,7612.0,0.0,1100.3027746743746
11703163915,11703163902,0,256,0.0,9184.0,0.0,243,0.0,2272.0,2.444721758365631e-09,229.46843353167924
11703163915,11703164505,0,256,0.0,9184.0,0.0,397,0.0,7110.0,0.0,998.5658762017624
11703163918,11703163803,0,259,0.0,2518.0,0.0,225,0.0,2764.0,0.0,612.8303250918444
11703164001,11703133028,0,260,0.0,2991.0,0.0,61,0.0,3035.0,0.0,683.1240429532469
11703164001,11703133029,0,260,0.0,2991.0,0.0,62,0.0,3136.0,0.0,423.7573474716513
11703164001,11703164021,0,260,0.0,2991.0,0.0,276,0.0,9315.0,0.0,232.27589587893763
11703164002,11703163816,0,261,0.0,9403.0,0.0,237,0.0,3947.0,0.0,59.902141105316176
11703164002,11703164032,0,261,0.0,9403.0,0.0,280,0.0,3572.0,0.0,344.8494175729236
11703164003,11703133005,0,262,0.0,4168.0,0.0,44,0.0,3609.0,2.3865140974521633e-09,1656.3448561964876
11703164003,11703133026,0,262,0.0,4168.0,0.0,59,0.0,9441.0,9.313225746154783e-10,1460.2921488084153
11703164003,11703133040,0,262,0.0,4168.0,0.0,73,0.0,3937.0,0.0,745.4512449509706
11703164003,11703164011,0,262,0.0,4168.0,0.0,269,0.0,9421.0,0.0,877.85985848382
11703164003,11703164024,0,262,0.0,4168.0,0.0,278,0.0,3556.0,0.0,422.9530994506375
11703164004,11703164004,0,263,0.0,3632.0,0.0,263,0.0,9380.0,0.0,17.000270559805937
11703164005,11703164008,0,264,0.0,3600.0,0.0,266,0.0,3849.0,0.0,751.486041909808
11703164005,11703164032,0,264,0.0,3600.0,0.0,280,0.0,3572.0,0.0,1219.4580311417114
11703164008,11703133033,0,266,0.0,3849.0,0.0,66,0.0,3162.0,1.862645149230957e-09,1017.1336717351228
11703164008,11703133045,0,266,0.0,3849.0,0.0,77,0.0,3624.0,2.444721758365631e-09,793.385336599991
11703164009,11703164015,0,267,0.0,4049.0,0.0,271,0.0,3889.0,0.0,761.4909396490823
11703164011,11703164002,0,269,0.0,9421.0,0.0,261,0.0,9403.0,0.0,812.9461343192314
11703164013,11703133026,0,270,0.0,3993.0,0.0,59,0.0,9441.0,9.313225746154783e-10,808.1549307676996
11703164013,11703163810,0,270,0.0,3993.0,0.0,232,0.0,2505.0,0.0,1359.8408696162587
11703164013,11703164027,0,270,0.0,3993.0,0.0,279,0.0,4013.0,0.0,749.9551676171768
11703164017,11703163811,0,273,0.0,3951.0,0.0,233,0.0,2290.0,0.0,836.2370621436721
11703164017,11703164009,0,273,0.0,3951.0,0.0,267,0.0,4049.0,0.0,537.1183411740365
11703164017,11703164011,0,273,0.0,3951.0,0.0,269,0.0,9421.0,0.0,610.2025671618482
11703164018,11703133028,0,274,0.0,3772.0,0.0,61,0.0,3035.0,0.0,987.919654778124
11703164024,11703164003,0,278,0.0,3556.0,0.0,262,0.0,4168.0,0.0,422.9530994506375
11703164024,11703164024,0,278,0.0,4180.0,0.0,278,0.0,3556.0,0.0,394.91892272559176
11703164032,11703164004,0,280,0.0,3572.0,0.0,263,0.0,9380.0,0.0,802.2492837994419
11703164034,11703164207,0,281,0.0,9443.0,3.0273580048107174e-09,318,0.0,4004.0,0.0,2608.877901535312
11703164103,11703164114,0,284,0.0,7799.0,0.0,295,0.0,10073.0,0.0,1509.4659556506394
11703164103,11703164121,0,284,0.0,7799.0,0.0,302,0.0,5177.0,0.0,1949.4406763335392
11703164103,11703164128,0,284,0.0,7799.0,0.0,309,0.0,5328.0,0.0,1712.1356264714163
11703164104,11703164117,0,285,0.0,7296.0,0.0,298,0.0,7286.0,1.863554421996479e-09,340.27937581822414
11703164106,11703164104,0,287,0.0,5409.0,0.0,285,0.0,7296.0,0.0,257.58157650822545
11703164106,11703164115,0,287,0.0,5409.0,0.0,296,0.0,5319.0,0.0,495.9713555881243
11703164108,11703164120,0,289,0.0,6088.0,0.0,301,0.0,5864.0,0.0,654.5192073215609
11703164115,11703164407,0,296,0.0,5319.0,0.0,372,0.0,5355.0,0.0,2989.822275144205
11703164116,11703164129,0,297,0.0,9805.0,0.0,310,0.0,9800.0,0.0,230.3910464022335
11703164117,11703164104,0,298,0.0,7286.0,1.863554421996479e-09,285,0.0,7296.0,0.0,340.2793758182242
11703164117,11703164503,0,298,0.0,7286.0,1.863554421996479e-09,395,0.0,7742.0,0.0,1340.8567903388264
11703164118,11703164106,0,299,0.0,7403.0,0.0,287,0.0,5409.0,0.0,738.4453942189485
11703164119,11703164117,0,300,0.0,10111.0,0.0,298,0.0,7286.0,1.863554421996479e-09,391.4913589058488
11703164119,11703164407,0,300,0.0,10111.0,0.0,372,0.0,5355.0,0.0,2139.8161273833493
11703164121,11703164103,0,302,0.0,5177.0,0.0,284,0.0,7799.0,0.0,1949.4406763335387
11703164121,11703164110,0,302,0.0,5177.0,0.0,291,0.0,9824.0,0.0,575.0202281475765
11703164121,11703164115,0,302,0.0,5177.0,0.0,296,0.0,5319.0,0.0,352.97836635798785
11703164122,11703164122,0,303,0.0,5863.0,0.0,303,0.0,5768.0,0.0,17.0670970548784
11703164122,11703164127,0,303,0.0,5863.0,0.0,308,0.0,6119.0,0.0,796.3029946292496
11703164123,11703164407,0,304,0.0,9761.0,0.0,372,0.0,5355.0,0.0,3702.390896524097
11703164125,11703164613,0,306,0.0,7814.0,0.0,441,0.0,8093.0,0.0,600.6075604236745
11703164129,11703164130,0,310,0.0,9800.0,0.0,311,0.0,5650.0,2.3865140974521633e-09,949.5765180275056
11703164203,11703133033,0,314,0.0,3492.0,0.0,66,0.0,3162.0,1.862645149230957e-09,1907.9889479647563
11703164203,11703133040,0,314,0.0,3492.0,0.0,73,0.0,3937.0,0.0,1649.6614285268972
11703164203,11703164003,0,314,0.0,3492.0,0.0,262,0.0,4168.0,0.0,2291.482965944808
11703164205,11703164217,0,316,0.0,4676.0,0.0,328,0.0,5044.0,0.0,582.8602603839381
11703164205,11703164712,0,316,0.0,4676.0,0.0,461,0.0,4655.0,2.3865140974521633e-09,742.3762202775941
11703164205,11703164716,0,316,0.0,4676.0,0.0,465,0.0,4704.0,0.0,998.063444842862
11703164206,11703164201,0,317,0.0,9613.0,0.0,312,0.0,336.0,0.0,554.98268408385
11703164206,11703164711,0,317,0.0,9613.0,0.0,460,0.0,4802.0,0.0,1022.0645781631342
11703164208,11703163901,0,319,0.0,505.0,9.313225746154783e-10,242,0.0,2207.0,0.0,855.4717497941122
11703164208,11703163907,0,319,0.0,505.0,9.313225746154783e-10,248,0.0,2517.0,0.0,969.830625984442
11703164210,11703163804,0,321,0.0,2560.0,0.0,226,0.0,2297.0,2.3865140974521633e-09,415.76631527397376
11703164210,11703163906,0,321,0.0,2560.0,0.0,247,0.0,594.0,0.0,569.5744854222497
11703164210,11703164016,0,321,0.0,2560.0,0.0,272,0.0,3719.0,0.0,1762.6418479336826
11703164211,11703133023,0,322,0.0,3954.0,0.0,58,0.0,3437.0,0.0,494.6665939957146
11703164212,11703163805,0,323,0.0,2819.0,0.0,227,0.0,10298.0,0.0,
11703164212,11703164224,0,323,0.0,2819.0,0.0,335,0.0,8675.0,0.0,791.7453412448594
11703164213,11703164707,0,324,0.0,4879.0,0.0,456,0.0,4882.0,2.3283064365386963e-09,747.8812679752772
11703164214,11703164732,0,325,0.0,9438.0,0.0,481,0.0,3453.0,1.863554421996479e-09,827.8161555273512
11703164218,11703133635,0,329,0.0,8776.0,0.0,215,0.0,8681.0,0.0,1169.3096234661266
11703164218,11703164230,0,329,0.0,8776.0,0.0,341,0.0,3920.0,0.0,975.5224853512784
11703164219,11703164728,0,330,0.0,4864.0,2.3283064365386963e-09,477,0.0,9604.0,0.0,1120.1438285310144
11703164220,11703133626,0,331,0.0,4538.0,0.0,207,0.0,717.0,0.0,651.0223482348014
11703164220,11703164726,0,331,0.0,4538.0,0.0,475,0.0,4921.0,0.0,774.9247720959862
11703164221,11802156424,0,332,0.0,9612.0,9.313225746154783e-10,543,0.0,9592.0,0.0,1535.4940564360118
11703164222,11703133629,0,333,0.0,4656.0,0.0,209,0.0,774.0,5.820766091346741e-11,1356.080277485671
11703164222,11703133632,0,333,0.0,4656.0,0.0,212,0.0,935.0,0.0,1638.9094127808228
11703164222,11703164726,0,333,0.0,4656.0,0.0,475,0.0,4921.0,0.0,533.843698183624
11703164222,11801134515,0,333,0.0,4656.0,0.0,520,0.0,989.0,0.0,2527.5116434792203
11703164222,11802156424,0,333,0.0,4656.0,0.0,543,0.0,9592.0,0.0,1425.1725573679255
11703164223,11703164216,0,334,0.0,8039.0,0.0,327,0.0,5057.0,0.0,531.5863071017682
11703164223,11703164722,0,334,0.0,8039.0,0.0,471,0.0,5039.0,0.0,751.7886716828426
11703164223,11703164726,0,334,0.0,8039.0,0.0,475,0.0,4921.0,0.0,914.5436372853932
11703164224,11703164227,0,335,0.0,8675.0,0.0,338,0.0,8776.0,0.0,762.9602097894465
11703164225,11703164216,0,336,0.0,4739.0,0.0,327,0.0,5057.0,0.0,828.1496324227243
11703164227,11703133623,0,338,0.0,8776.0,0.0,204,0.0,114.0,0.0,1156.932448097351
11703164227,11703133635,0,338,0.0,8776.0,0.0,215,0.0,8681.0,0.0,1169.3096234661266
11703164227,11703163901,0,338,0.0,8776.0,0.0,242,0.0,2207.0,0.0,1398.1145379609466
11703164227,11703164211,0,338,0.0,8776.0,0.0,322,0.0,3954.0,0.0,926.0850941681928
11703164227,11703164224,0,338,0.0,8776.0,0.0,335,0.0,8675.0,0.0,762.9602097894464
11703164227,11703164521,0,338,0.0,8776.0,0.0,413,0.0,7679.0,0.0,1829.3109924064856
11703164228,11703164227,0,339,0.0,4651.0,0.0,338,0.0,8776.0,0.0,755.6214213314557
11703164228,11703164231,0,339,0.0,4651.0,0.0,342,0.0,9550.0,0.0,752.8858743795437
11703164229,11703164229,0,340,0.0,4643.0,0.0,340,0.0,4644.0,0.0,319.7613516894349
11703164230,11703133023,0,341,0.0,3920.0,0.0,58,0.0,3437.0,0.0,483.5637789665392
11703164231,11703164218,0,342,0.0,9550.0,0.0,329,0.0,8776.0,0.0,561.3997989949692
11703164231,11703164720,0,342,0.0,9550.0,0.0,469,0.0,4653.0,0.0,535.5810336881605
11703164232,11703164228,0,343,0.0,4796.0,0.0,339,0.0,4651.0,0.0,833.8847510719726
11703164233,11703163903,0,344,0.0,3700.0,0.0,244,0.0,589.0,0.0,1011.8981861290764
11703164302,11703133013,0,346,0.0,1811.0,0.0,50,0.0,1637.0,9.313225746154783e-10,1598.8863506898372
11703164302,11703164310,0,346,0.0,1811.0,0.0,354,0.0,1359.0,2.3865140974521633e-09,733.7597099007841
11703164303,11701163407,0,347,0.0,1287.0,0.0,1,0.0,8920.0,0.0,1466.0950393872376
11703164304,11703133043,0,348,0.0,1745.0,0.0,75,0.0,1559.0,0.0,1055.8922140497712
11703164306,11703164315,0,350,0.0,1334.0,0.0,359,0.0,1316.0,0.0,412.0216885363498
11703164306,11703164321,0,350,0.0,1334.0,0.0,365,0.0,1988.0,0.0,179.72363017837296
11703164307,11703164315,0,351,0.0,1373.0,0.0,359,0.0,1316.0,0.0,1442.6285486122756
11703164308,11703164822,0,352,0.0,1608.0,0.0,504,0.0,9293.0,0.0,908.8960274395772
11703164310,11703164311,0,354,0.0,1359.0,2.3865140974521633e-09,355,0.0,3083.0,0.0,1287.6335370114691
11703164312,11703164318,0,356,0.0,1872.0,0.0,362,0.0,3171.0,0.0,880.0880013325199
11703164313,11703133020,0,357,0.0,1356.0,0.0,56,0.0,1787.0,0.0,1260.2767391674683
11703164314,11703164315,0,358,0.0,3240.0,0.0,359,0.0,1316.0,0.0,705.2486185825437
11703164314,11703164319,0,358,0.0,3240.0,0.0,363,0.0,3218.0,0.0,1227.5023639189951
11703164316,11703133035,0,360,0.0,1866.0,0.0,68,0.0,1434.0,0.0,1317.6768330279335
11703164316,11703164311,0,360,0.0,1866.0,0.0,355,0.0,3083.0,0.0,1591.851552083587
11703164316,11703164319,0,360,0.0,1866.0,0.0,363,0.0,3218.0,0.0,1982.4058043632529
11703164316,11703164321,0,360,0.0,1866.0,0.0,365,0.0,1988.0,0.0,877.4920109200926
11703164318,11701163404,0,362,0.0,3171.0,0.0,0,0.0,9057.0,0.0,2558.842731048179
11703164319,11701163404,0,363,0.0,3218.0,0.0,0,0.0,9057.0,0.0,3062.951578979367
11703164319,11703164311,0,363,0.0,3218.0,0.0,355,0.0,3083.0,0.0,647.3721222962597
11703164320,11701163415,0,364,0.0,2098.0,0.0,3,0.0,1296.0,0.0,1426.9070369096337
11703164402,11703132909,0,367,0.0,9725.0,0.0,22,0.0,7489.0,0.0,895.4435522822231
11703164402,11703133319,0,367,0.0,9725.0,0.0,150,0.0,5211.0,0.0,610.2634017349276
11703164402,11703133614,0,367,0.0,9725.0,0.0,196,0.0,840.0,2.3865140974521633e-09,1275.7742562242254
11703164402,11703133622,0,367,0.0,9725.0,0.0,203,0.0,7536.0,0.0,897.1362435205147
11703164403,11703164408,0,368,0.0,1171.0,2.3865140974521633e-09,373,0.0,6590.0,0.0,1109.077584037498
11703164405,11703164416,0,370,0.0,6231.0,0.0,381,0.0,1094.0,0.0,940.9631765515608
11703164406,11703164404,0,371,0.0,8236.0,2.3283064365386963e-09,369,0.0,6613.0,0.0,1404.479464734621
11703164406,11703164417,0,371,0.0,8236.0,2.3283064365386963e-09,382,0.0,6289.0,0.0,1567.0800058838483
11703164406,11703164420,0,371,0.0,8236.0,2.3283064365386963e-09,384,0.0,6512.0,0.0,785.2795229764307
11703164407,11703164407,0,372,0.0,5274.0,0.0,372,0.0,8161.0,0.0,6.392072147166691
11703164408,11703164417,0,373,0.0,6590.0,0.0,382,0.0,6289.0,0.0,1465.225249263509
11703164410,11703164408,0,375,0.0,1228.0,0.0,373,0.0,6590.0,0.0,1324.2563178385592
11703164411,11703164421,0,376,0.0,6320.0,0.0,385,0.0,8499.0,1.862645149230957e-09,941.8696531341276
11703164412,11703164408,0,377,0.0,6762.0,0.0,373,0.0,6590.0,0.0,1307.2055693091845
11703164412,11703164410,0,377,0.0,6762.0,0.0,375,0.0,1228.0,0.0,949.9306914503052
11703164412,11703164414,0,377,0.0,6762.0,0.0,379,0.0,8177.0,0.0,1065.5036023204586
11703164412,11703164421,0,377,0.0,6762.0,0.0,385,0.0,8499.0,1.862645149230957e-09,1152.549928793658
11703164413,11703164415,0,378,0.0,1213.0,0.0,380,0.0,6174.0,0.0,1758.154184132507
11703164415,11703164412,0,380,0.0,6174.0,0.0,377,0.0,6762.0,0.0,1657.445085062281
11703164415,11703164421,0,380,0.0,6174.0,0.0,385,0.0,8499.0,1.862645149230957e-09,504.8951562686228
11703164416,11703164421,0,381,0.0,1094.0,0.0,385,0.0,8499.0,1.862645149230957e-09,1260.88473016726
11703164417,11703164412,0,382,0.0,6289.0,0.0,377,0.0,6762.0,0.0,1140.801912334282
11703164418,11703164412,0,383,0.0,8206.0,0.0,377,0.0,6762.0,0.0,823.1216092481154
11703164420,11703164411,0,384,0.0,6512.0,0.0,376,0.0,6320.0,0.0,1135.717479685569
11703164421,11703164411,0,385,0.0,8499.0,1.862645149230957e-09,376,0.0,6320.0,0.0,941.8696531341276
11703164423,11703164401,0,387,0.0,6221.0,0.0,366,0.0,6616.0,0.0,1046.3924678956894
11703164423,11703164406,0,387,0.0,6221.0,0.0,371,0.0,8236.0,2.3283064365386963e-09,1607.071968687377
11703164428,11703132916,0,391,0.0,5487.0,0.0,29,0.0,6540.0,3.0273580048107174e-09,1219.5798222792966
11703164429,11703164405,0,392,0.0,6616.0,0.0,370,0.0,6231.0,0.0,1416.4857511112436
11703164501,11703164506,0,393,0.0,7741.0,0.0,398,0.0,8501.0,2.3283064365386963e-09,1005.210381880166
11703164503,11703164119,0,395,0.0,7742.0,0.0,300,0.0,10111.0,0.0,953.944385500884
11703164503,11703164125,0,395,0.0,7742.0,0.0,306,0.0,7814.0,0.0,1171.867620440188
11703164503,11703164503,0,395,0.0,7398.0,0.0,395,0.0,7743.0,0.0,6.49360166468974
11703164503,11703164511,0,395,0.0,7742.0,0.0,403,0.0,5871.0,0.0,1015.3981853873933
11703164503,11703164530,0,395,0.0,7742.0,0.0,422,0.0,5166.0,0.0,1423.155784727768
11703164506,11703164524,0,398,0.0,8501.0,2.3283064365386963e-09,416,0.0,5923.0,0.0,41.00808671800733
11703164506,11703164613,0,398,0.0,8501.0,2.3283064365386963e-09,441,0.0,8093.0,0.0,1645.8312687220714
11703164507,11703132916,0,399,0.0,5800.0,0.0,29,0.0,6540.0,3.0273580048107174e-09,665.9331011775441
11703164508,11703164515,0,400,0.0,5758.0,0.0,407,0.0,5883.0,0.0,239.66024958865265
11703164508,11703164523,0,400,0.0,5758.0,0.0,415,0.0,5947.0,0.0,162.72234253297577
11703164508,11703164524,0,400,0.0,5758.0,0.0,416,0.0,5923.0,0.0,115.49178779576002
11703164509,11703132915,0,401,0.0,5653.0,5.820766091346741e-11,28,0.0,8089.0,0.0,632.0702145984467
11703164509,11703132916,0,401,0.0,5653.0,5.820766091346741e-11,29,0.0,6540.0,3.0273580048107174e-09,862.5834172965776
11703164509,11703132918,0,401,0.0,5653.0,5.820766091346741e-11,31,0.0,5523.0,0.0,1071.954606063752
11703164509,11703164520,0,401,0.0,5653.0,5.820766091346741e-11,412,0.0,5944.0,0.0,319.7870557067282
11703164509,11703164521,0,401,0.0,5653.0,5.820766091346741e-11,413,0.0,7679.0,0.0,877.7451338618599
11703164510,11703164105,0,402,0.0,7779.0,0.0,286,0.0,5161.0,2.3865140974521633e-09,1897.7052685843016
11703164510,11703164521,0,402,0.0,7779.0,0.0,413,0.0,7679.0,0.0,1264.7705327861115
11703164511,11703164125,0,403,0.0,5871.0,0.0,306,0.0,7814.0,0.0,2146.8802502858257
11703164512,11703164527,0,404,0.0,5889.0,0.0,419,0.0,5926.0,1.862645149230957e-09,605.357976918464
11703164515,11703164503,0,407,0.0,5883.0,0.0,395,0.0,7742.0,0.0,749.3690067331055
11703164516,11703164407,0,408,0.0,7310.0,2.3865140974521633e-09,372,0.0,5355.0,0.0,720.5229509783027
11703164516,11703164525,0,408,0.0,7310.0,2.3865140974521633e-09,417,0.0,7093.0,0.0,332.2702805825655
11703164516,11703164536,0,408,0.0,7310.0,2.3865140974521633e-09,428,0.0,5683.0,0.0,455.3220129491375
11703164516,11703164613,0,408,0.0,7310.0,2.3865140974521633e-09,441,0.0,8093.0,0.0,1208.3169505366134
11703164517,11703164507,0,409,0.0,7717.0,0.0,399,0.0,5800.0,0.0,1217.3845296185875
11703164517,11703164516,0,409,0.0,7717.0,0.0,408,0.0,7310.0,2.3865140974521633e-09,669.0206128759551
11703164519,11703164527,0,411,0.0,5683.0,0.0,419,0.0,5926.0,1.862645149230957e-09,653.8783578406695
11703164521,11703133641,0,413,0.0,7679.0,0.0,221,0.0,8727.0,0.0,1179.42386018737
11703164521,11703163915,0,413,0.0,7679.0,0.0,256,0.0,9184.0,0.0,537.3726985667927
11703164521,11703164224,0,413,0.0,7679.0,0.0,335,0.0,8675.0,0.0,1456.525016426055
11703164521,11703164402,0,413,0.0,7679.0,0.0,367,0.0,9725.0,0.0,1536.3863825138596
11703164521,11703164535,0,413,0.0,7679.0,0.0,427,0.0,7107.0,0.0,1001.6940892432298
11703164522,11703164517,0,414,0.0,10112.0,0.0,409,0.0,7717.0,0.0,666.3687611635543
11703164523,11703164504,0,415,0.0,5947.0,0.0,396,0.0,5788.0,2.981687075194366e-09,577.1770632129869
11703164524,11703164501,0,416,0.0,5923.0,0.0,393,0.0,7741.0,0.0,1013.1922967484018
11703164525,11703133637,0,417,0.0,7093.0,0.0,217,0.0,406.0,0.0,1179.157949784104
11703164525,11703164521,0,417,0.0,7093.0,0.0,413,0.0,7679.0,0.0,609.3051769965799
11703164525,11703164611,0,417,0.0,7093.0,0.0,439,0.0,2891.0,0.0,575.7888295185343
11703164526,11703164530,0,418,0.0,5924.0,9.331397911231848e-10,422,0.0,5166.0,0.0,2621.48338623765
11703164527,11703164510,0,419,0.0,5926.0,1.862645149230957e-09,402,0.0,7779.0,0.0,1594.1747567716336
11703164529,11703163915,0,421,0.0,7093.0,0.0,256,0.0,9184.0,0.0,588.7723888083771
11703164530,11703164125,0,422,0.0,5166.0,0.0,306,0.0,7814.0,0.0,255.86711835548672
11703164532,11703164523,0,424,0.0,5920.0,0.0,415,0.0,5947.0,0.0,230.64008214347416
11703164532,11703164526,0,424,0.0,5920.0,0.0,418,0.0,5924.0,9.331397911231848e-10,294.64108774524186
11703164533,11703164509,0,425,0.0,5854.0,0.0,401,0.0,5653.0,5.820766091346741e-11,511.0319457100136
11703164533,11703164519,0,425,0.0,5854.0,0.0,411,0.0,5683.0,0.0,509.90378082750306
11703164534,11703164509,0,426,0.0,7605.0,0.0,401,0.0,5653.0,5.820766091346741e-11,589.8223040924809
11703164601,11703163912,0,429,0.0,2481.0,2.3865140974521633e-09,253,0.0,9146.0,0.0,439.7662758102392
11703164601,11703164604,0,429,0.0,2481.0,2.3865140974521633e-09,432,0.0,7741.0,0.0,1181.0971729318328
11703164605,11703164619,0,433,0.0,7396.0,2.3283064365386963e-09,447,0.0,7046.0,0.0,828.0558798399849
11703164608,11703164611,0,436,0.0,2444.0,9.313225746154783e-10,439,0.0,2891.0,0.0,420.1762132437963
11703164608,11703164617,0,436,0.0,2444.0,9.313225746154783e-10,445,0.0,2483.0,0.0,462.66646451339034
11703164609,11703133128,0,437,0.0,7082.0,0.0,108,0.0,10011.0,0.0,803.3915867827308
11703164609,11703164103,0,437,0.0,7082.0,0.0,284,0.0,7799.0,0.0,639.8592636206461
11703164610,11703164511,0,438,0.0,7312.0,0.0,403,0.0,5871.0,0.0,1682.8095301416886
11703164612,11703163819,0,440,0.0,2933.0,0.0,239,0.0,8571.0,0.0,
11703164613,11703164610,0,441,0.0,8093.0,0.0,438,0.0,7312.0,0.0,183.82947441663703
11703164613,11703164616,0,441,0.0,8093.0,0.0,444,0.0,10079.0,0.0,563.9101589389079
11703164613,11703164620,0,441,0.0,8093.0,0.0,448,0.0,7012.0,0.0,809.6307168440553
11703164615,11703133131,0,443,0.0,7030.0,0.0,111,0.0,5748.0,0.0,865.2742614603818
11703164615,11703164608,0,443,0.0,7030.0,0.0,436,0.0,2444.0,9.313225746154783e-10,608.3864140956504
11703164615,11703164619,0,443,0.0,7030.0,0.0,447,0.0,7046.0,0.0,374.06922645453847
11703164617,11703163917,0,445,0.0,2483.0,0.0,258,0.0,2488.0,0.0,514.643442719856
11703164617,11703164608,0,445,0.0,2483.0,0.0,436,0.0,2444.0,9.313225746154783e-10,462.6664645133904
11703164618,11703164104,0,446,0.0,7756.0,0.0,285,0.0,7296.0,0.0,973.0196234521452
11703164620,11703133127,0,448,0.0,7012.0,0.0,107,0.0,6958.0,0.0,939.6611645311042
11703164621,11703164601,0,449,0.0,7038.0,2.3865140974521633e-09,429,0.0,2481.0,2.3865140974521633e-09,380.2444743699446
11703164702,11703133009,0,451,0.0,8150.0,0.0,48,0.0,9454.0,0.0,1044.0843959612168
11703164702,11703133020,0,451,0.0,8150.0,0.0,56,0.0,1787.0,0.0,2665.3724544653464
11703164702,11703133034,0,451,0.0,8150.0,0.0,67,0.0,2181.0,9.313225746154783e-10,502.94688216151
11703164702,11703164732,0,451,0.0,8150.0,0.0,481,0.0,3453.0,1.863554421996479e-09,833.335240780647
11703164703,11703164206,0,452,0.0,4573.0,0.0,317,0.0,9613.0,0.0,180.12271598893727
11703164703,11703164732,0,452,0.0,4573.0,0.0,481,0.0,3453.0,1.863554421996479e-09,177.02397808242486
11703164704,11703164710,0,453,0.0,4801.0,0.0,459,0.0,9544.0,0.0,355.9002042251733
11703164705,11703164302,0,454,0.0,2175.0,0.0,346,0.0,1811.0,0.0,1804.915557954936
11703164705,11703164818,0,454,0.0,2175.0,0.0,500,0.0,1599.0,9.385703304198744e-10,964.4661162044064
11703164707,11703164205,0,456,0.0,4882.0,2.3283064365386963e-09,316,0.0,4676.0,0.0,820.7000605467148
11703164707,11703164732,0,456,0.0,4882.0,2.3283064365386963e-09,481,0.0,3453.0,1.863554421996479e-09,313.7310206599859
11703164708,11703164706,0,457,0.0,4466.0,0.0,455,0.0,9575.0,0.0,556.9272780986762
11703164708,11703164810,0,457,0.0,4466.0,0.0,492,0.0,2094.0,0.0,1024.4070032102438
11703164710,11703164205,0,459,0.0,9544.0,0.0,316,0.0,4676.0,0.0,706.9717099965636
11703164710,11703164715,0,459,0.0,9544.0,0.0,464,0.0,4447.0,0.0,445.6359401352221
11703164710,11703164730,0,459,0.0,9544.0,0.0,479,0.0,8914.0,0.0,914.7161684581736
11703164712,11703164720,0,461,0.0,4655.0,2.3865140974521633e-09,469,0.0,4653.0,0.0,715.4337964120643
11703164716,11703164704,0,465,0.0,4704.0,0.0,453,0.0,4801.0,0.0,912.5920161251483
11703164716,11801134514,0,465,0.0,4704.0,0.0,519,0.0,4856.0,9.313225746154783e-10,454.4068222762024
11703164717,11703164702,0,466,0.0,4747.0,0.0,451,0.0,8150.0,0.0,951.6410710419926
11703164717,11703164712,0,466,0.0,4747.0,0.0,461,0.0,4655.0,2.3865140974521633e-09,788.6266232387912
11703164717,11703164721,0,466,0.0,4747.0,0.0,470,0.0,4904.0,0.0,540.5750068570308
11703164717,11703164825,0,466,0.0,4747.0,0.0,507,0.0,4908.0,0.0,445.86579000169786
11703164718,11703164718,0,467,0.0,8470.0,0.0,467,0.0,8033.0,0.0,299.06173499419054
11703164719,11703164713,0,468,0.0,4838.0,0.0,462,0.0,5084.0,2.3283064365386963e-09,433.9410846822327
11703164722,11703164711,0,471,0.0,5039.0,0.0,460,0.0,4802.0,0.0,746.5995826034693
11703164724,11703164707,0,473,0.0,4571.0,0.0,456,0.0,4882.0,2.3283064365386963e-09,313.60339942365295
11703164724,11703164710,0,473,0.0,4571.0,0.0,459,0.0,9544.0,0.0,340.4681492465813
11703164725,11703133630,0,474,0.0,4920.0,9.313225746154783e-10,210,0.0,772.0,1.1641532182693479e-10,1409.5980953813073
11703164726,11802156412,0,475,0.0,4921.0,0.0,541,0.0,4827.0,0.0,1403.5080158734336
11703164727,11703164714,0,476,0.0,4964.0,2.3283064365386963e-09,463,0.0,4632.0,9.331397911231848e-10,697.1920629106392
11703164727,11703164727,0,476,0.0,4964.0,2.3283064365386963e-09,476,0.0,9633.0,2.3283064365386963e-09,17.07596862544279
11703164729,11703164714,0,478,0.0,4707.0,0.0,463,0.0,4632.0,9.331397911231848e-10,691.147188915616
11703164729,11703164729,0,478,0.0,9533.0,0.0,478,0.0,4922.0,0.0,268.7502713149547
11703164730,11703164721,0,479,0.0,8914.0,0.0,470,0.0,4904.0,0.0,479.3838433391994
11703164731,11703133629,0,480,0.0,4853.0,0.0,209,0.0,774.0,5.820766091346741e-11,1699.4820282944538
11703164731,11703164731,0,480,0.0,4853.0,0.0,480,0.0,4638.0,0.0,118.81727013677084
11703164733,11703164804,0,482,0.0,4627.0,0.0,486,0.0,2071.0,0.0,750.7084633063629
11703164733,11703164807,0,482,0.0,4627.0,0.0,489,0.0,1822.0,0.0,759.2869721454373
11703164801,11703164311,0,483,0.0,9005.0,0.0,355,0.0,3083.0,0.0,1136.103458139738
11703164801,11703164312,0,483,0.0,9005.0,0.0,356,0.0,1872.0,0.0,569.8674182510575
11703164801,11703164818,0,483,0.0,9005.0,0.0,500,0.0,1599.0,9.385703304198744e-10,229.2840507087385
11703164803,11801134514,0,485,0.0,2062.0,0.0,519,0.0,4856.0,9.313225746154783e-10,1721.25972898689
11703164805,11703164813,0,487,0.0,1790.0,0.0,495,0.0,9052.0,0.0,253.483876395067
11703164805,11703164818,0,487,0.0,1790.0,0.0,500,0.0,1599.0,9.385703304198744e-10,679.613131069816
11703164807,11703164714,0,489,0.0,1822.0,0.0,463,0.0,4632.0,9.331397911231848e-10,1154.6367786764604
11703164809,11703133013,0,491,0.0,9098.0,0.0,50,0.0,1637.0,9.313225746154783e-10,1786.5410818990838
11703164810,11703164708,0,492,0.0,2094.0,0.0,457,0.0,4466.0,0.0,1024.407003210244
11703164810,11703164810,0,492,0.0,2094.0,0.0,492,0.0,2096.0,0.0,3.9917097616782673
11703164811,11703164814,0,493,0.0,1631.0,0.0,496,0.0,4849.0,0.0,466.0863554379481
11703164812,11703164802,0,494,0.0,1881.0,0.0,484,0.0,1556.0,0.0,561.7139765347508
11703164812,11703164820,0,494,0.0,1881.0,0.0,502,0.0,8986.0,0.0,200.86764730869336
11703164813,11703133034,0,495,0.0,9052.0,0.0,67,0.0,2181.0,9.313225746154783e-10,797.6287168940414
11703164813,11703133038,0,495,0.0,9052.0,0.0,71,0.0,1805.0,0.0,2481.586090927757
11703164814,11703164807,0,496,0.0,4849.0,0.0,489,0.0,1822.0,0.0,555.288365549189
11703164816,11703164706,0,498,0.0,2169.0,2.3283064365386963e-09,455,0.0,9575.0,0.0,619.3905639917496
11703164816,11703164708,0,498,0.0,2169.0,2.3283064365386963e-09,457,0.0,4466.0,0.0,295.45627811930274
11703164817,11703164803,0,499,0.0,2061.0,0.0,485,0.0,2062.0,0.0,310.9726453900201
11703164817,11703164811,0,499,0.0,2061.0,0.0,493,0.0,1631.0,0.0,807.4642099745486
11703164817,11802156427,0,499,0.0,2061.0,0.0,544,0.0,3208.0,0.0,2737.4870857243745
11703164818,11703164705,0,500,0.0,1599.0,9.385703304198744e-10,454,0.0,2175.0,0.0,964.466116204406
11703164819,11703164807,0,501,0.0,2093.0,0.0,489,0.0,1822.0,0.0,669.7218381259735
11703164819,11703164821,0,501,0.0,2093.0,0.0,503,0.0,1294.0,0.0,436.97580231905647
11703164820,11703164804,0,502,0.0,8986.0,0.0,486,0.0,2071.0,0.0,649.6482946524472
11703164821,11703164810,0,503,0.0,1294.0,0.0,492,0.0,2094.0,0.0,163.83122190480057
11703164821,11703164827,0,503,0.0,1294.0,0.0,509,0.0,2121.0,1.863554421996479e-09,525.6770310229713
11703164822,11703164308,0,504,0.0,9293.0,0.0,352,0.0,1608.0,0.0,908.8960274395772
11703164825,11703164821,0,507,0.0,4908.0,0.0,503,0.0,1294.0,0.0,821.8102441213865
11703164827,11703164721,0,509,0.0,2121.0,1.863554421996479e-09,470,0.0,4904.0,0.0,1057.2708942575364
11703164827,11703164827,0,509,0.0,2121.0,1.863554421996479e-09,509,0.0,2122.0,1.863554421996479e-09,5.462781469945808
11801134501,11801134501,0,511,0.0,6328.0,0.0,511,0.0,6322.0,0.0,102.27279235197624
11801134503,11801134527,0,513,0.0,370.0,0.0,527,0.0,510.0,1.863554421996479e-09,1468.7391038121327
11801134506,11801134509,0,515,0.0,375.0,0.0,517,0.0,378.0,2.3283064365386963e-09,458.0882833188274
11801134506,11801134529,0,515,0.0,375.0,0.0,529,0.0,357.0,0.0,462.84646876115346
11801134508,11801134534,0,516,0.0,8672.0,2.3865140974521633e-09,531,0.0,1006.0,0.0,515.7674560560815
11801134509,11801134506,0,517,0.0,378.0,2.3283064365386963e-09,515,0.0,375.0,0.0,458.08828331882734
11801134509,11801134508,0,517,0.0,378.0,2.3283064365386963e-09,516,0.0,8672.0,2.3865140974521633e-09,151.5541968230358
11801134514,11703133629,0,519,0.0,4856.0,9.313225746154783e-10,209,0.0,774.0,5.820766091346741e-11,1153.3407360086237
11801134515,11801134201,0,520,0.0,989.0,0.0,510,0.0,8867.0,2.561798445492213e-09,1114.6232349278434
11801134515,11801134510,0,520,0.0,989.0,0.0,518,0.0,1032.0,0.0,2377.3416151604297
11801134522,11801134503,0,522,0.0,8049.0,0.0,513,0.0,370.0,0.0,171.2183142573547
11801134524,11801134524,0,524,0.0,946.0,0.0,524,0.0,8688.0,0.0,7.929792396018117
11801134524,11801134525,0,524,0.0,946.0,0.0,525,0.0,949.0,5.820766091346741e-11,67.45506238931365
11801134527,11801134537,0,527,0.0,510.0,1.863554421996479e-09,534,0.0,963.0,0.0,1135.6177289034754
11801134529,11801134701,0,529,0.0,357.0,0.0,535,0.0,376.0,0.0,542.5889215433867
11801134532,11703164726,0,530,0.0,9657.0,1.863554421996479e-09,475,0.0,4921.0,0.0,2960.3252172440793
11801134532,11801134527,0,530,0.0,9657.0,1.863554421996479e-09,527,0.0,510.0,1.863554421996479e-09,2601.71619533996
11801134535,11703132902,0,532,0.0,2576.0,2.507662776454586e-09,15,0.0,6596.0,0.0,715.6313529620378
11801134535,11703133625,0,532,0.0,2576.0,2.507662776454586e-09,206,0.0,2259.0,0.0,544.957135303028
11801134535,11703133629,0,532,0.0,2576.0,2.507662776454586e-09,209,0.0,774.0,5.820766091346741e-11,878.6653254416914
11801134536,11703132911,0,533,0.0,2967.0,0.0,24,0.0,9408.0,0.0,843.1452126796047
11801134701,11801134712,0,535,0.0,376.0,0.0,536,0.0,1007.0,2.3865140974521633e-09,30.7784759518087
11801134712,11801134524,0,536,0.0,1007.0,2.3865140974521633e-09,524,0.0,946.0,0.0,343.9303395282512
11801134712,11801134534,0,536,0.0,1007.0,2.3865140974521633e-09,531,0.0,1006.0,0.0,284.3136488595321
11802156424,11703164803,0,543,0.0,9592.0,0.0,485,0.0,2062.0,0.0,898.6715958589446
11802156427,11701163410,0,544,0.0,3208.0,0.0,2,0.0,1298.0,0.0,2667.2553069144824
11802156427,11703164320,0,544,0.0,3208.0,0.0,364,0.0,2098.0,0.0,2763.899656642175
11802156427,11703164822,0,544,0.0,3208.0,0.0,504,0.0,9293.0,0.0,1341.3690625173597
12002167413,11703133103,0,546,0.0,2301.0,2.3865140974521633e-09,86,0.0,10163.0,0.0,359.2626994128192
12002167413,11703133124,0,546,0.0,2301.0,2.3865140974521633e-09,105,0.0,9173.0,0.0,819.461994797614
12002167414,12002167421,0,547,0.0,7964.0,0.0,548,0.0,7897.0,9.331397911231848e-10,1239.2244026014946
12002167421,12002167414,0,548,0.0,7897.0,9.331397911231848e-10,547,0.0,7964.0,0.0,1239.2244026014946
