ORIGSA1_2021,DESTSA1_2021,Predicted_Prob,Predicted_Flow
11703133106,11703133152,0.0,0.0
11703133309,11703133304,0.2889768,938.1047
11703164205,11703164712,0.0,0.0
11801134506,11801134509,0.0,0.0
11703133616,11703164536,0.0,0.0
11703164316,11703164319,0.0,0.0
11703132905,11703164402,0.0,0.0
11703164702,11703164732,0.0,0.0
11703132915,11703132917,0.17350122,342.2019
11703164536,11703164512,0.0,0.0
11703164526,11703164530,0.0,0.0
11703164601,11703163912,0.0,0.0
11703133127,11703133139,0.43848437,483.22968
11703164121,11703164103,0.0,0.0
11703133144,11703133144,0.0,0.0
11703163911,11703163905,0.14648575,396.22656
11703164611,11703164608,0.0,0.0
11703132925,11703133321,0.0,0.0
11703164227,11703164224,0.0,0.0
11703163817,11703163814,0.0,0.0
11703164415,11703164421,0.0,0.0
11703164208,11703163907,0.0,0.0
11703133042,11703133051,0.0,0.0
11703164421,11703164411,0.0,0.0
11703164730,11703164721,0.0,0.0
11703133331,11703133304,0.28060102,146.67032
11703133311,11703133307,0.0,0.0
11703164718,11703164718,0.0,0.0
11703164103,11703164114,0.0,0.0
11703133334,11801165019,0.04401222,22.013119
11801134712,11801134534,0.44599527,232.50528
11703133617,11703133618,0.0,0.0
11703164210,11703164016,0.0,0.0
11703164506,11703164613,0.0,0.0
11703133125,11703133124,0.0,0.0
11703164712,11703164720,0.0,0.0
11703164013,11703133026,0.0,0.0
11703164024,11703164024,0.6522893,331.9842
11703164303,11701163407,0.2650805,286.79962
11703133029,11702132820,0.0,0.0
11703164413,11703164415,0.0,0.0
11703164003,11703133040,0.0,0.0
11703133309,11703133314,0.21474019,697.11053
11703133618,11703133624,0.0,0.0
11703164402,11703133614,0.0,0.0
11703164004,11703164004,0.4186045,403.25482
11703163816,11703164032,0.08101156,39.63197
11703163904,11703163915,0.0,0.0
11703164812,11703164802,0.0,0.0
11703132909,11703133611,0.0,0.0
11703133106,11703163814,0.0,0.0
11703164801,11703164311,0.0,0.0
11703133619,11703164521,0.0,0.0
11703164610,11703164511,0.0,0.0
11703164617,11703164608,0.0,0.0
11703164228,11703164227,0.0,0.0
11703133140,11703133146,0.0,0.0
11703164125,11703164613,0.0,0.0
11703133611,11703133634,0.0,0.0
11703164812,11703164820,0.016928256,7.466949
11703133332,11703133302,0.0,0.0
11703164008,11703133045,0.0,0.0
11703164704,11703164710,0.2419551,140.67484
11703133037,11703133046,0.2859172,126.97043
11703164001,11703164021,0.0,0.0
11703164318,11701163404,0.0,0.0
11703163807,11703163804,0.0,0.0
11703164517,11703164507,0.0,0.0
11703132911,11703132924,0.0,0.0
11703164613,11703164616,0.0,0.0
11703164002,11703164032,0.006973088,3.9039853
11703164731,11703133629,0.0,0.0
11703164527,11703164510,0.0,0.0
11703133616,11703133603,0.0,0.0
11703133013,11703133047,0.0,0.0
11703164521,11703164535,0.0,0.0
11703164532,11703164523,0.0,0.0
11703164005,11703164008,0.0,0.0
11703164412,11703164414,0.0,0.0
11703164228,11703164231,0.0,0.0
11703164801,11703164312,0.0,0.0
11703164123,11703164407,0.0,0.0
11703133049,11703133031,0.0,0.0
11703163809,11703163819,0.0,0.0
11703132915,11703164528,0.1826913,360.3278
11703133038,11703133020,0.0,0.0
11703164002,11703163816,0.049743354,27.849545
11703163811,11703164013,0.0,0.0
11703164312,11703164318,0.0,0.0
11703163903,11703163903,0.6628101,384.4103
11703164103,11703164121,0.0,0.0
11703164609,11703133128,0.0,0.0
11703164005,11703164032,0.0,0.0
11703133123,11703133139,0.3369429,176.66273
11703133348,11703133311,0.0,0.0
11703163805,11703164017,0.0,0.0
11703164416,11703164421,0.0,0.0
11703163803,11703163819,0.0,0.0
11703164316,11703133035,0.23203668,145.21773
11801134501,11801134501,0.052964896,68.40915
11703133310,11703133310,0.0,0.0
11703164313,11703133020,0.0,0.0
11703164212,11703163805,0.0,0.0
11703133115,11703133117,0.0,0.0
11703164032,11703164004,0.0,0.0
11703133352,11703132923,0.0,0.0
11703133605,11703133610,0.0,0.0
11703133115,11703133137,0.0,0.0
11801134506,11801134529,0.0,0.0
11703164003,11703164011,0.0,0.0
11703164814,11703164807,0.0,0.0
11703132906,11703132904,0.0,0.0
11703163904,11703164608,0.0,0.0
11703164820,11703164804,0.0,0.0
11703164314,11703164319,0.0,0.0
12002167413,11703133124,0.0,0.0
11703164013,11703164027,0.0,0.0
11703164613,11703164610,0.0,0.0
11802156405,11802156405,0.0,0.0
11703163819,11703164023,0.0,0.0
11703164402,11703133319,0.0,0.0
11703164533,11703164519,0.0,0.0
11703164121,11703164115,0.0,0.0
11703133030,11703164010,0.0,0.0
11703133027,11703133048,0.0,0.0
11703164801,11703164818,0.0,0.0
11703132926,11801134519,0.0,0.0
11703164525,11703164521,0.0,0.0
11703164509,11703132915,0.0,0.0
11703133110,11703133109,0.0,0.0
11703163914,11703163914,0.59859765,304.6577
11703164214,11703164732,0.43556637,193.62518
11703132902,11801134504,0.1417216,978.4797
11703164608,11703164611,0.0,0.0
11703164810,11703164708,0.0,0.0
11703133607,11703133609,0.15149939,78.8984
11703133128,11703164118,0.14595252,72.809525
11703164717,11703164712,0.0,0.0
12002167421,12002167414,0.0,0.0
11703133020,11701163527,0.0,0.0
11703164104,11703164117,0.0,0.0
11703133023,11703133027,0.0,0.0
11703164702,11703133009,0.0,0.0
11703164605,11703164619,0.0,0.0
11703163817,11703164002,0.0,0.0
11703164420,11703164411,0.0,0.0
11703164222,11703133632,0.18060702,124.89179
11703164524,11703164501,0.0,0.0
11703133326,11703133323,0.0,0.0
11703133622,11703133640,0.0,0.0
11703164825,11703164821,0.0,0.0
11801134527,11801134537,0.0,0.0
11703163915,11703164505,0.0,0.0
11703133045,11703133028,0.0,0.0
11703164717,11703164721,0.09714952,191.01152
11703164809,11703133013,0.0,0.0
11703133601,11703163901,0.0,0.0
11703164613,11703164620,0.0,0.0
11703164316,11703164311,0.0,0.0
11703133301,11703133325,0.0,0.0
11703164708,11703164810,0.0,0.0
11703164017,11703164011,0.0,0.0
11703164212,11703164224,0.0,0.0
11703164617,11703163917,0.0,0.0
11703133128,11703164130,0.0,0.0
11703164227,11703164211,0.0,0.0
11702132815,11703133032,0.06848505,41.25485
11703133003,11703133037,0.0,0.0
11703164827,11703164827,0.3108744,150.1987
11703164819,11703164807,0.03205502,18.139135
11703164222,11801134515,0.0,0.0
11703133328,11703133309,0.0,0.0
11703164402,11703132909,0.0,0.0
11703132902,11703132906,0.0,0.0
11703164121,11703164110,0.0,0.0
11703133109,11703133133,0.0,0.0
11703164415,11703164412,0.0,0.0
11703133346,11703133348,0.3453077,206.23712
11703164827,11703164721,0.0,0.0
11703133107,11703133152,0.0,0.0
11703133614,11703133640,0.0,0.0
11703133602,11703133626,0.32047406,176.65372
11703133636,11703164232,0.0,0.0
11703164230,11703133023,0.0,0.0
11703164816,11703164708,0.0,0.0
11801134532,11703164726,0.0,0.0
11703164218,11703133635,0.0,0.0
11703133322,11703133352,0.0,0.0
11703133008,11703164203,0.0,0.0
11703164302,11703164310,0.0,0.0
11703163801,11703163805,0.0,0.0
11703164119,11703164117,0.0,0.0
11703132908,11801134536,0.0,0.0
11703164511,11703164125,0.045504898,39.30711
11801134514,11703133629,0.0,0.0
11703164222,11703133629,0.15308276,105.85846
11703164410,11703164408,0.0,0.0
11703164516,11703164525,0.0,0.0
11702132819,11703133022,0.0,0.0
11703164724,11703164710,0.36340517,226.11649
11703164733,11703164807,0.17422152,105.48899
11703132909,11703132908,0.0,0.0
11703163816,11703163819,0.0,0.0
11703164510,11703164105,0.0,0.0
11703133137,11703133105,0.04123658,19.12624
11802156427,11703164320,0.3253583,112.50955
11703164405,11703164416,0.0,0.0
11703133632,11802156412,0.0,0.0
11703164206,11703164711,0.0,0.0
11703164428,11703132916,0.0,0.0
11703164620,11703133127,0.2238748,796.5632
11703164122,11703164122,0.30752474,159.43045
11703164219,11703164728,0.0,0.0
11703164533,11703164509,0.0,0.0
11703164724,11703164707,0.0,0.0
11703164220,11703133626,0.0,0.0
11703133639,11703133637,0.09029037,79.450005
11703132903,11801134515,0.0,0.0
11703164423,11703164406,0.0,0.0
11703163807,11703163813,0.0,0.0
11703133602,11703133609,0.0,0.0
11703164205,11703164217,0.0,0.0
11703164117,11703164104,0.0,0.0
11801134536,11703132911,0.0,0.0
11703133033,11703133037,0.0,0.0
11703132905,11703133613,0.0,0.0
11703164129,11703164130,0.0,0.0
11703163819,11703163809,0.0,0.0
11703133129,11703164618,0.0,0.0
11801134701,11801134712,0.0,0.0
11703133613,11703133618,0.0,0.0
11703133010,11703133003,0.2480134,165.60066
11703164726,11802156412,0.0,0.0
11703133020,11703133016,0.0,0.0
11703133137,11703133136,0.0,0.0
11703164224,11703164227,0.0,0.0
11703164018,11703133028,0.0,0.0
11703164233,11703163903,0.0,0.0
11703164525,11703164611,0.0,0.0
11703164227,11703133623,0.0,0.0
11703164510,11703164521,0.0,0.0
11703133013,11703133014,0.0,0.0
11703133042,11703133010,0.0,0.0
11703133624,11703133618,0.0,0.0
11703163816,11703163816,0.25684953,125.65431
11703133615,11703164521,0.0,0.0
11703133029,11703164021,0.0,0.0
11703164727,11703164727,0.21000195,122.74556
11703164719,11703164713,0.0,0.0
11701163512,11701163503,0.0,0.0
11703164213,11703164707,0.0,0.0
11703164203,11703133040,0.047169775,469.9101
11703164716,11801134514,0.0,0.0
11703132910,11703132925,0.0,0.0
11703164708,11703164706,0.0,0.0
11703164817,11703164803,0.0,0.0
11703133114,11703133117,0.0,0.0
11703164521,11703164224,0.0,0.0
11703133630,11703133629,0.0,0.0
11703133121,11703133144,0.0,0.0
11801134535,11703133629,0.04729271,33.72486
11703164521,11703163915,0.0,0.0
11703164503,11703164125,0.0,0.0
11703133333,11703133349,0.27922618,145.11858
11703133311,11703133310,0.0,0.0
11703164532,11703164526,0.44051063,3713.1587
11703164509,11703132918,0.0,0.0
11703164811,11703164814,0.0,0.0
11703164223,11703164216,0.0,0.0
11703164008,11703133033,0.0,0.0
11703164615,11703133131,0.0,0.0
11703164509,11703164520,0.0,0.0
11703163808,11703164009,0.0,0.0
11703133119,11703133140,0.28139246,257.18494
11701163420,11703164316,0.0,0.0
11703163918,11703163803,0.0,0.0
11703132908,11703132905,0.0,0.0
11703133350,11703133349,0.09962484,68.16568
11703132908,11703132908,0.0,0.0
11703132903,11703132902,0.0,0.0
11703164816,11703164706,0.0,0.0
11703164702,11703133020,0.0,0.0
11703133023,11703133006,0.0,0.0
11703164716,11703164704,0.0,0.0
11703164003,11703133026,0.0,0.0
11703133145,11703133124,0.0,0.0
11703133625,11801134522,0.0,0.0
11703164707,11703164732,0.0,0.0
11703164729,11703164714,0.0,0.0
11703163819,11703164009,0.0,0.0
11703164503,11703164530,0.0,0.0
11703133131,11703133127,0.0,0.0
11703164727,11703164714,0.0,0.0
11802156427,11703164822,0.0,0.0
11703133333,11801165008,0.0,0.0
11703132915,11703164428,0.0,0.0
11703164705,11703164302,0.0,0.0
11703163909,11703163805,0.0,0.0
11703164615,11703164608,0.0,0.0
11703164406,11703164417,0.0,0.0
11703133110,11703133111,0.0,0.0
11703164725,11703133630,0.0,0.0
11703133036,11703133046,0.0,0.0
11703164516,11703164407,0.0,0.0
11703133619,11703133618,0.0,0.0
11703164509,11703164521,0.0,0.0
11703133121,11703133141,0.0,0.0
11802156424,11703164803,0.0,0.0
11703133315,11703133348,0.22465527,95.75687
11703164118,11703164106,0.0,0.0
11701163407,11703164320,0.0,0.0
11703133308,11703133308,0.0,0.0
11703164821,11703164827,0.20971408,134.14973
11802156427,11701163410,0.0,0.0
11703132925,11703132902,0.0,0.0
11703164821,11703164810,0.0,0.0
11703164807,11703164714,0.0,0.0
11703133612,11703133618,0.0,0.0
11703163819,11703133142,0.0,0.0
11703164418,11703164412,0.0,0.0
11703163902,11703163913,0.0,0.0
11703133317,11703133326,0.0,0.0
11801134524,11801134524,0.0024622083,1.4546038
11703164210,11703163906,0.0,0.0
11703133612,11703133603,0.0,0.0
11703164506,11703164524,0.6122632,1190.3306
11703164612,11703163819,0.0,0.0
11703133147,11703133111,0.0,0.0
11703163824,11703163814,0.157451,460.32208
11703133116,11703164109,0.0,0.0
11703163808,11703133112,0.0,0.0
11703164208,11703163901,0.0,0.0
11703164412,11703164421,0.0,0.0
11703164608,11703164617,0.0,0.0
11703133611,11703133614,0.0,0.0
11703164508,11703164515,0.0,0.0
11703164407,11703164407,0.0,0.0
11703133602,11703164229,0.0,0.0
11703164222,11802156424,0.14719829,101.789276
11703164024,11703164003,0.0,0.0
11703164017,11703163811,0.0,0.0
11703164516,11703164613,0.0,0.0
11703164507,11703132916,0.0,0.0
11703164412,11703164410,0.0,0.0
11703164222,11703164726,0.0,0.0
11703133139,11703133140,0.0,0.0
11703133128,11703164616,0.0,0.0
11703163816,11703164009,0.0,0.0
11703164227,11703133635,0.0,0.0
11703164722,11703164711,0.0,0.0
11703164810,11703164810,0.11585784,56.365414
11703133038,11703164705,0.0,0.0
11703133122,11703133141,0.3376468,296.54623
11703164203,11703133033,0.0,0.0
11703133109,11703163819,0.0,0.0
11703133027,11703164004,0.0,0.0
11703133601,11703133610,0.0,0.0
11703133009,11703164209,0.0,0.0
11703133642,11703132919,0.0,0.0
11703164013,11703163810,0.0,0.0
11703164621,11703164601,0.0,0.0
11703164116,11703164129,0.0,0.0
11801134522,11801134503,0.34796256,3134.617
11703164534,11703164509,0.0,0.0
11703133131,11703164612,0.0,0.0
11703164232,11703164228,0.0,0.0
11703133610,11703133633,0.0,0.0
11703133333,11703133336,0.0,0.0
11703164306,11703164315,0.0,0.0
11703133133,11703164015,0.0,0.0
11703133353,11703133348,0.0,0.0
11703133344,11703133316,0.0,0.0
11703164115,11703164407,0.0,0.0
11703133303,11703133301,0.0,0.0
11703133639,11703133636,0.0,0.0
11703164223,11703164722,0.0,0.0
11703132921,11703132907,0.0,0.0
11703164205,11703164716,0.0,0.0
11703132905,11703133603,0.0,0.0
11703133607,11703133633,0.14491326,75.46845
11703163814,11703163815,0.0,0.0
11703132926,11703132901,0.0,0.0
11703164206,11703164201,0.0,0.0
11703164509,11703132916,0.0,0.0
11703164009,11703164015,0.0,0.0
11703164108,11703164120,0.0,0.0
11801134509,11801134506,0.0,0.0
11703133619,11703133614,0.0,0.0
11703164103,11703164128,0.0,0.0
11703164417,11703164412,0.0,0.0
11701163542,11701163527,0.09336406,85.53257
11701163415,11701163407,0.08787733,37.85887
11703133333,11703133353,0.246054,127.878426
11703163801,11703163803,0.0,0.0
11703133110,11703133142,0.0,0.0
11703133149,12002167421,0.0,0.0
11703133611,11703133624,0.0011828542,0.56518376
11801134515,11801134510,0.0,0.0
11703133113,11703133109,0.0,0.0
11701163424,11703164305,0.0,0.0
11703164306,11703164321,0.0,0.0
11703163808,11703164011,0.0,0.0
11703164508,11703164523,0.0,0.0
11703133341,11703133308,0.1145162,53.77205
11703164536,11703164534,0.0,0.0
11703133632,11801134515,0.0,0.0
11703133112,11703133133,0.0,0.0
11703164117,11703164503,0.0,0.0
11703164703,11703164206,0.47736233,201.60182
11703164813,11703133034,0.0,0.0
11703133309,11703133351,0.0,0.0
11703164615,11703164619,0.0,0.0
11703164503,11703164119,0.0,0.0
11703133324,11703133327,0.0,0.0
11703133045,11703164207,0.0,0.0
11703133607,11703133638,0.0,0.0
11703133620,11703164521,0.0,0.0
11703133345,11703133303,0.27532917,176.3782
11703133305,11703133349,0.0,0.0
11703164521,11703133641,0.0,0.0
11703133003,11703133007,0.0,0.0
11703164710,11703164730,0.0,0.0
11703164731,11703164731,0.12583134,87.281815
11703164429,11703164405,0.0,0.0
11703164403,11703164408,0.0,0.0
11703164227,11703163901,0.0,0.0
11703164003,11703133005,0.0,0.0
11703164525,11703133637,0.0,0.0
11703133132,11703164615,0.0,0.0
11703133124,11703133145,0.0,0.0
11703164319,11703164311,0.04949844,98.39477
11703133609,11703133623,0.0,0.0
11703133351,11703132927,0.0,0.0
11703132922,11703132923,0.0,0.0
11703164717,11703164702,0.04556802,89.594025
11703132908,11703133622,0.0,0.0
11703163913,11703163910,0.0,0.0
11703164218,11703164230,0.0,0.0
11801134524,11801134525,0.08977312,53.035446
11703133042,11703133018,0.0,0.0
11703163902,11703164603,0.0,0.0
11703164516,11703164536,0.0,0.0
11703163904,11703163911,0.036018074,17.794514
11703133045,11703164009,0.0,0.0
11703164406,11703164404,0.5967905,2783.7656
11703133351,11703133334,0.0,0.0
11703133323,11703133310,0.0,0.0
11703164119,11703164407,0.0,0.0
11701163542,11703133038,0.0,0.0
11703164223,11703164726,0.0,0.0
11703164805,11703164813,0.0,0.0
11703164017,11703164009,0.0,0.0
11703133344,11703133348,0.0,0.0
11703164717,11703164825,0.0,0.0
12002167414,12002167421,0.0,0.0
11703164819,11703164821,0.0,0.0
11703164536,11703163915,0.0,0.0
11703133149,11703133138,0.0,0.0
11703164106,11703164115,0.0,0.0
11703133602,11703133631,0.0,0.0
11703164211,11703133023,0.10609567,48.77787
11703164412,11703164408,0.0,0.0
11703164406,11703164420,0.0,0.0
11703133018,11703133003,0.0,0.0
11703163901,11703163813,0.0,0.0
11701163542,11703133020,0.0,0.0
11703133141,11703133111,0.0,0.0
11703133020,11703164317,0.0,0.0
11703164220,11703164726,0.0,0.0
11703133139,11703133127,0.0,0.0
11703164423,11703164401,0.122953385,828.4164
11703163805,11703163815,0.0,0.0
11703163910,11703163908,0.0,0.0
11703164203,11703164003,0.0,0.0
11801134535,11703133625,0.0,0.0
11703133602,11703133636,0.0,0.0
11703164813,11703133038,0.0,0.0
11703164231,11703164720,0.18018347,111.654236
11703164733,11703164804,0.0,0.0
11703164523,11703164504,0.0,0.0
11703164703,11703164732,0.0,0.0
11703132925,11703132923,0.0,0.0
11703164122,11703164127,0.0,0.0
11703164320,11701163415,0.029198706,20.258583
11703164601,11703164604,0.0,0.0
11703133008,11703133051,0.0,0.0
11703133612,11703132909,0.0,0.0
11801134515,11801134201,0.0,0.0
11703133003,11703133026,0.0,0.0
11703164106,11703164104,0.0,0.0
11703164707,11703164205,0.0,0.0
11703164817,11703164811,0.0,0.0
11703164503,11703164511,0.0,0.0
11703164536,11703133616,0.0,0.0
11703133123,11703133133,0.0,0.0
11801134532,11801134527,0.0,0.0
11703133305,11703133315,0.0,0.0
11703133006,11703133033,0.0,0.0
11703164221,11802156424,0.0,0.0
11703133145,11703133147,0.0,0.0
11703163901,11703164525,0.0,0.0
11703163802,11703163806,0.0,0.0
11702132805,11703133032,0.0,0.0
11703163819,11703163914,0.0,0.0
11703164034,11703164207,0.0,0.0
11703164519,11703164527,0.0,0.0
11703164501,11703164506,0.0,0.0
11703164710,11703164205,0.0,0.0
11703164319,11701163404,0.0,0.0
11703133345,11703133349,0.0,0.0
11703164522,11703164517,0.0,0.0
11703133343,11703133346,0.0,0.0
11801134712,11801134524,0.0,0.0
11703164411,11703164421,0.0,0.0
11703133336,11703133336,0.0,0.0
12002167413,11703133103,0.0,0.0
11703164618,11703164104,0.34038764,182.35269
11703133137,11703133118,0.0,0.0
11703132916,11703164502,0.0,0.0
11703164307,11703164315,0.0,0.0
11703133336,11703133352,0.0,0.0
11703133305,11703133350,0.0,0.0
11703164818,11703164705,0.0,0.0
11703164314,11703164315,0.0,0.0
11703133626,11703133602,0.0,0.0
11703133624,11703133631,0.0,0.0
11703164308,11703164822,0.0,0.0
11703164402,11703133622,0.0,0.0
11703133123,11703133131,0.0,0.0
11703133320,11703164428,0.0,0.0
11703163807,11703163805,0.0,0.0
11703133334,11703133346,0.0,0.0
11703132925,11703133328,0.0,0.0
11801134509,11801134508,0.19322482,198.31996
11703164304,11703133043,0.0,0.0
11703164529,11703163915,0.0,0.0
11703164803,11801134514,0.0,0.0
11703132910,11703132920,0.0,0.0
11703133033,11703133027,0.0,0.0
11703132913,11801134519,0.0,0.0
11801134529,11801134701,0.0,0.0
11703164302,11703133013,0.0,0.0
11703164817,11802156427,0.0,0.0
11703132920,11703132907,0.0,0.0
11703163902,11703164535,0.0,0.0
11801134503,11801134527,0.0,0.0
11703163913,11703164603,0.0,0.0
11703132912,11703133333,0.5555085,289.47296
11703133641,11703133641,0.61107796,316.15305
11703133028,11703133003,0.0,0.0
11703164517,11703164516,0.0,0.0
11703164508,11703164524,0.049342513,44.955822
11703164503,11703164503,0.72104084,2482.2493
11703133040,11703133003,0.0,0.0
11703133629,11703133634,0.0,0.0
11703133620,11703132909,0.0,0.0
11703164512,11703164527,0.0,0.0
11703164705,11703164818,0.0,0.0
11703164310,11703164311,0.0,0.0
11703164710,11703164715,0.25216615,104.46825
11703133017,11703133049,0.0,0.0
11703164001,11703133029,0.018041492,11.404525
11703133343,11703133350,0.0,0.0
11703164227,11703164521,0.0,0.0
11703163805,11703163807,0.0,0.0
11703164316,11703164321,0.0,0.0
11703164229,11703164229,0.0,0.0
11703133005,11703133006,0.0,0.0
11703133032,11702132820,0.0,0.0
11703132903,11801134504,0.0,0.0
11703164011,11703164002,0.0,0.0
11703133318,11703132918,0.0,0.0
11703133616,11703133601,0.0,0.0
11703164702,11703133034,0.0,0.0
11703164822,11703164308,0.17038614,83.1845
11703163819,11703164027,0.0,0.0
11703133304,11703133349,0.2157675,169.73381
11703133117,11703133117,0.0,0.0
11703163904,11703163906,0.0,0.0
11703164530,11703164125,0.0,0.0
11703132919,11703132924,0.0,0.0
11801134508,11801134534,0.0,0.0
11703164231,11703164218,0.0,0.0
11703133033,11703164001,0.0,0.0
11703133346,11703132927,0.0,0.0
11703163915,11703133617,0.0,0.0
11703133342,11703133303,0.0,0.0
11703164521,11703164402,0.0,0.0
11703132912,11703132911,0.0,0.0
11703163810,11703163811,0.0,0.0
11703163915,11703163902,0.0,0.0
11703133624,11801134535,0.0,0.0
11703164805,11703164818,0.0,0.0
11703164225,11703164216,0.25347567,121.93435
11703164003,11703164024,0.0,0.0
11701163407,11701163424,0.123862386,55.367935
11703133611,11801134514,0.0,0.0
11703164609,11703164103,0.0,0.0
11703164515,11703164503,0.0,0.0
11703163910,11703164612,0.0,0.0
11703164408,11703164417,0.0,0.0
11801134535,11703132902,0.0,0.0
11703133321,11703133321,0.0,0.0
11703164001,11703133028,0.27318028,172.6848
11703163819,11703163816,0.0,0.0
11703164210,11703163804,0.0,0.0
11703164729,11703164729,0.9061067,450.41864
11703133321,11703164410,0.0,0.0
11703133144,11703163820,0.0,0.0
