GEOID,Predicted_Weighted_Trips
36005000100,563.7946100122122
36005000200,522.8652044606147
36005000400,640.8422809546745
36005001600,681.1639306089711
36005001901,593.3773440121071
36005001902,554.1660742493885
36005001903,455.2942484614355
36005001904,427.9117447633522
36005002001,593.8536743971102
36005002002,670.6653160441999
36005002300,662.780832162385
36005002400,431.97419546119204
36005002500,738.3983455217291
36005002701,609.6200338051648
36005002702,782.3349026848557
36005002800,753.1211354370007
36005003100,625.5486776511228
36005003300,559.6646795743263
36005003500,605.4421124582543
36005003700,396.42612780289585
36005003800,423.92006559032393
36005003900,793.7460137164154
36005004001,453.79109039644214
36005004100,751.2525849926411
36005004200,1084.5637084883926
36005004300,1033.8738313242832
36005004400,717.7143493173496
36005004600,612.137557497634
36005004800,707.1743812301522
36005005001,632.9123792584464
36005005002,1156.1314160047054
36005005100,1029.3172316957164
36005005200,531.9321635934521
36005005300,588.9859079799728
36005005400,838.2257321279709
36005005600,569.6408844097678
36005005902,604.9208963099785
36005006000,433.7554002670768
36005006100,812.0851447194076
36005006200,801.4693436411158
36005006301,1057.148020040019
36005006302,455.20301813123604
36005006400,580.45960299888
36005006500,1218.9865826366322
36005006700,925.381867563847
36005006800,644.9024118459448
36005006900,726.9319436542844
36005007000,676.4103260428329
36005007100,718.5727629613231
36005007200,809.1415713414123
36005007300,673.0136511152156
36005007400,507.29188579430456
36005007500,759.83616862764
36005007600,744.2422566181865
36005007700,539.9796908387749
36005007800,706.7068524789674
36005007900,823.2917371337554
36005008300,885.0937821958929
36005008400,501.8308765565507
36005008500,871.6599927421487
36005008600,591.1174176012248
36005008700,748.2565282970729
36005008900,761.2899964170857
36005009000,652.2956775413554
36005009200,899.4056787019564
36005009301,814.2722081698461
36005009302,452.7582031475789
36005009600,827.653882593394
36005009800,516.5026710233363
36005011000,427.9117447633522
36005011502,605.5632087320731
36005011701,481.51922845345734
36005011702,434.5772007569853
36005011800,588.1436088647868
36005011900,950.5252350735957
36005012101,634.4912477388084
36005012102,765.8422492501885
36005012300,679.9260534499298
36005012500,650.5132791706122
36005012701,579.8389475364773
36005012901,923.5818418255235
36005013000,468.5552039512868
36005013100,765.8526280771513
36005013200,736.0686686246181
36005013300,709.4488977337044
36005013500,589.2629826916138
36005013800,467.35084836085554
36005014100,954.2139680523984
36005014300,574.9064041283237
36005014400,717.2005504764496
36005014500,946.0366895800745
36005014701,710.2661508993056
36005014702,685.7698673052495
36005014900,643.7475860004084
36005015100,700.897467695313
36005015200,584.1930907126671
36005015300,606.0785960517509
36005015500,740.6418627185426
36005015700,708.7361851784749
36005015800,467.9519122683104
36005015900,846.7577608925164
36005016000,501.6286941373988
36005016100,1646.1910514272802
36005016200,453.9842673742718
36005016300,441.34648260757785
36005016400,482.7528735813557
36005016500,488.1965040742961
36005016600,472.8323111081896
36005016700,751.152848944446
36005016900,507.305572168564
36005017100,430.1221260277458
36005017300,705.6139553177957
36005017500,784.7491875002621
36005017701,771.7925513223014
36005017702,888.5272632173142
36005017901,770.6057543567014
36005017902,589.1447741092769
36005018101,644.0101545533182
36005018102,756.9154717851686
36005018301,601.2552435395568
36005018302,503.60178445454983
36005018400,586.7979514804407
36005018501,848.4972604808338
36005018502,700.8634186793865
36005018900,838.4011519063348
36005019300,667.4166831884858
36005019400,431.9668641038577
36005019500,961.5347422035526
36005019700,1155.8473382135044
36005019900,895.6253770766627
36005020000,1094.4317270763943
36005020100,598.0866321860965
36005020200,593.4645356644563
36005020400,554.1181144289613
36005020501,861.1226895363206
36005020502,491.6331977587296
36005020601,568.1319534096909
36005020900,846.648801044959
36005021001,787.4118137761641
36005021002,744.3546963468981
36005021100,773.5495246609853
36005021200,610.2243273872684
36005021301,561.9334166635695
36005021302,728.5035508261133
36005021501,753.0624060724078
36005021502,852.9252357745136
36005021601,671.9741814140706
36005021602,708.8562203171105
36005021700,759.1061462464265
36005021800,691.2185913005991
36005021900,680.8493801961346
36005022000,551.9954196118142
36005022101,873.6288885473293
36005022102,849.8171270196881
36005022200,953.8303220729676
36005022300,958.7922776886862
36005022401,804.8646576218869
36005022403,747.3639816353351
36005022404,871.0144820735768
36005022500,906.9461872224109
36005022701,972.3211199167187
36005022702,675.2276415944687
36005022703,441.2370523290179
36005022800,642.4065792103986
36005022901,725.0847133326571
36005022902,560.2432761354378
36005023000,524.4157829860967
36005023100,742.1395673196204
36005023200,586.6669979347371
36005023301,629.4462197426552
36005023302,555.0136940175225
36005023501,885.7361798443957
36005023502,774.7137938217699
36005023600,494.2214120514149
36005023702,2725.5109844147614
36005023703,1268.122013314452
36005023704,682.0648007251071
36005023800,526.5309790526806
36005023900,1571.3951490723512
36005024000,551.3139427857881
36005024100,1373.4422235438778
36005024300,784.1447554733751
36005024400,465.34682488817066
36005024501,609.9296724279758
36005024502,676.8045355163879
36005024600,425.6864377056221
36005024700,455.988447272254
36005024800,630.0140947573409
36005024900,430.1221260277458
36005025000,491.1212981006285
36005025100,920.8142026196155
36005025200,487.0007469161216
36005025300,794.9621489630729
36005025400,468.2739582194751
36005025500,716.1834037563287
36005025600,498.71831498670446
36005025700,481.08316768633574
36005026100,452.64915548022606
36005026300,782.8204904878212
36005026400,704.6913803961645
36005026500,878.9435877585106
36005026601,590.8516685453354
36005026602,819.0024173067205
36005026701,542.8485627044347
36005026702,688.8737775158992
36005026900,648.457162823086
36005027300,707.0075952201616
36005027401,570.011946730456
36005027402,493.7930457151676
36005027600,511.6527196344672
36005027700,641.3522690814092
36005027900,907.0179172756214
36005028100,511.1035042354694
36005028300,1577.2686823462257
36005028400,536.4382159655353
36005028500,595.1308427315126
36005028600,463.1411335282981
36005028700,626.7036015713122
36005028800,489.42635742226923
36005028900,903.4834954134461
36005029301,370.53774559967064
36005029302,543.7557141174204
36005029500,728.9521619296812
36005029600,585.3564763642172
36005029700,556.9439564069095
36005030000,811.0176634617472
36005030100,411.40540657765615
36005030201,522.2171527115917
36005030202,662.564603493413
36005030701,566.2452204153949
36005030900,470.44576200479963
36005031000,652.5155361432287
36005031200,492.24866607648454
36005031400,411.0773947431038
36005031600,421.47960428652226
36005031800,408.3269696737185
36005031900,464.93073960171404
36005032300,566.3192471574582
36005032400,544.5241648085774
36005032600,539.8073560980822
36005032800,623.5294447773621
36005033000,987.394330544905
36005033201,635.0639797790516
36005033202,614.5067772114639
36005033400,488.1398425023485
36005033500,415.14928391921376
36005033601,704.4344197842686
36005033602,537.4746254671335
36005033700,479.9508280533028
36005033801,487.37139980370256
36005033802,860.0482048001334
36005034000,646.5387724962976
36005034200,527.6098552688686
36005034300,431.3368455934361
36005034400,497.04116156680857
36005034500,519.4271525284769
36005034800,736.2880048896467
36005035000,486.1110633944286
36005035100,477.1833387221348
36005035600,476.05123537636064
36005035800,724.1745679096747
36005035900,655.2093284819039
36005036000,506.8559358093986
36005036100,653.4067026170949
36005036300,893.703783487393
36005036400,626.1206216445095
36005036501,997.0540725414618
36005036502,601.9553940010037
36005036700,598.5933928289833
36005036800,581.8389715519919
36005036901,871.6821584595154
36005036902,504.139233076688
36005037000,454.04405175770233
36005037100,691.6089938489216
36005037200,460.7019360818971
36005037300,841.4724904872402
36005037400,670.5115378265983
36005037504,737.7905465887065
36005037600,454.3583097745492
36005037800,593.5301844581263
36005037900,959.0405471900347
36005038000,725.2764534742726
36005038100,775.648359943432
36005038200,484.47843312359066
36005038301,732.1903460139745
36005038303,569.9679795940477
36005038304,719.025585645121
36005038500,794.3532200127331
36005038600,944.7584068509459
36005038700,980.7221984148439
36005038800,482.87618244945304
36005038900,891.2359356856201
36005039000,545.5448302382879
36005039100,857.7347449329715
36005039200,449.92881225255877
36005039300,1120.2872319620053
36005039400,662.5806275769054
36005039500,760.7402394192438
36005039600,589.7462272385246
36005039700,696.0463056458875
36005039800,557.657031110914
36005039901,1190.788563443201
36005039902,1095.7241948366695
36005040100,831.5588191079295
36005040302,593.6267940273027
36005040303,622.9080131696209
36005040304,876.1501787093673
36005040400,552.4188238513183
36005040501,568.8279800944745
36005040502,690.823756615635
36005040600,595.2561455919508
36005040701,584.7833347228772
36005040702,769.0897643518393
36005040800,711.1012922628726
36005040900,596.5795977961145
36005041100,608.9077096926911
36005041300,848.1865616793115
36005041400,584.1421707364813
36005041500,695.7362568679516
36005041800,681.6537522263163
36005041900,831.6408280933769
36005042000,715.5096849353764
36005042100,979.779786982152
36005042200,631.607587936706
36005042300,578.0668365186021
36005042400,469.54712326035104
36005042500,954.4797253770764
36005042600,702.3874458733567
36005042800,390.7541879770477
36005042901,559.9610663888164
36005042902,624.1245732358458
36005043000,470.35049132107576
36005043101,861.4855666988212
36005043102,775.4152721534331
36005043400,645.5399162699409
36005043501,481.5939774137049
36005043502,436.82201248333115
36005043503,445.91781582324444
36005043600,455.7461233273902
36005044200,621.0302026769145
36005044400,533.6362655092408
36005044800,419.29566032704054
36005044901,427.1654955378239
36005044902,456.4683661697339
36005045101,472.529983771527
36005045102,413.35204486157215
36005045600,528.222028882233
36005045800,674.006478835209
36005046000,556.713678742313
36005046203,839.9784964175276
36005046204,601.485619412169
36005046205,1300.7887329532102
36005046206,528.6323961436623
36005046207,2800.2877695459165
36005046208,671.7981990302034
36005046209,747.9436284115308
36005048401,634.0713467569553
36005048402,432.34392503281595
36005050400,443.6262611091039
36005051601,591.1448756662567
36005051602,430.1221260277458
36047000100,624.2289216142266
36047000200,1163.1472430718181
36047000301,443.5183562102306
36047000501,605.2167793341533
36047000502,547.7837957012041
36047000700,428.1334814827333
36047000900,1386.7911445761513
36047001100,2369.401820280432
36047001300,560.7351565800467
36047001501,559.5120493537545
36047001502,2225.1049193197728
36047001801,675.2251115492882
36047001802,453.5407857752744
36047001803,447.1762177241918
36047001804,434.5772007569853
36047002000,524.8441529834024
36047002100,1114.4415432932356
36047002200,722.3645950078461
36047002300,553.2588342800447
36047002901,543.8064789522077
36047003000,395.06608965030006
36047003101,436.8424440055335
36047003102,439.0784198011579
36047003300,886.672216181304
36047003400,505.76778517345025
36047003500,1915.7803178857066
36047003600,497.3017061004953
36047003700,3633.130917490823
36047003800,370.1368481723558
36047003900,576.9453340119071
36047004100,449.9973025938521
36047004300,499.136777548655
36047004400,413.55035436507234
36047004500,437.22857206282623
36047004600,364.61363694329697
36047004700,376.2005639169289
36047004900,378.3483992977201
36047005000,417.713170967743
36047005100,398.92263129358764
36047005201,476.28854434721967
36047005202,437.0113201934269
36047005301,482.3671662151631
36047005302,316.77281654810537
36047005303,279.06627805158195
36047005400,557.3155745547539
36047005601,468.8673855439339
36047005602,460.2502620190891
36047005800,758.5814506227555
36047005900,471.3692984078356
36047006000,518.7570755146213
36047006200,502.90729516339974
36047006300,346.84265923073764
36047006400,539.0987845380209
36047006500,495.4987035025387
36047006600,573.4232871437332
36047006700,397.4091743080617
36047006800,667.9906954378297
36047006901,372.414280620254
36047006902,339.0522761587515
36047007000,502.65151631156175
36047007100,584.8109735369885
36047007200,485.9161955010002
36047007400,663.334195541091
36047007500,470.9881889827539
36047007600,610.860772248655
36047007700,568.3018837537938
36047007800,654.1141448076198
36047008000,520.9756642140497
36047008200,614.3004231357137
36047008400,713.5447885380374
36047008500,726.1725946212867
36047008600,430.1221260277458
36047008800,497.5235319315848
36047009001,478.28076330465035
36047009002,537.6130994142104
36047009201,423.7832731141243
36047009202,497.5516509952381
36047009401,466.545812735289
36047009402,490.7203392505886
36047009600,626.5404742492688
36047009800,766.8427632525404
36047010000,649.7041770479799
36047010100,765.7418562624612
36047010200,619.203753452561
36047010401,544.7351391979164
36047010402,584.9367851913164
36047010601,499.1982072102997
36047010602,563.6986751177226
36047010801,468.62854044400495
36047010802,474.43440862666296
36047011000,531.1812199825233
36047011200,739.4818422624351
36047011400,637.3053438669647
36047011600,538.2479055359333
36047011700,514.7648180868533
36047011800,755.3958435444517
36047011901,617.8500615543026
36047011902,850.7677929481845
36047012000,936.6708269020125
36047012100,536.4070228125759
36047012200,643.9785060652752
36047012600,575.7207771574381
36047012700,658.4324102260455
36047012801,522.2750630630503
36047012901,745.8973317988911
36047012902,464.89787647455165
36047013000,723.5143775244086
36047013100,479.42493454064805
36047013200,483.940428864112
36047013300,461.18128560657965
36047013400,595.1751156100355
36047013500,390.9752474594623
36047013600,533.7702858291631
36047013700,511.16853197777226
36047013800,548.4457015746001
36047013900,459.1265383339839
36047014000,464.63940156515304
36047014101,347.4583822598046
36047014102,468.50353575859435
36047014200,567.6556624533983
36047014300,536.1524470389896
36047014500,577.4584509791484
36047014700,371.32192206546256
36047014800,406.98385405528563
36047014901,341.8323784164241
36047014902,425.83438480677574
36047015000,461.8019097267638
36047015100,424.65457004950423
36047015200,460.713919679917
36047015300,470.8342065906965
36047015400,474.35747694535746
36047015500,378.0915996321704
36047015700,471.74775811905045
36047015900,501.20205746440354
36047016000,1002.4719798684669
36047016100,485.6802547525563
36047016200,450.3780387821751
36047016300,458.70536625357767
36047016400,386.99137421137306
36047016500,717.401674687133
36047016600,415.80993946198544
36047016700,466.0887525117424
36047016800,388.33715378544696
36047016900,499.68370710221546
36047017000,545.5900455433577
36047017100,462.2573070450896
36047017200,545.5543760439331
36047017400,418.49754978651225
36047017500,445.91781582324444
36047017600,472.5594081778677
36047017700,536.7939384011379
36047017800,623.7568552827678
36047017900,544.390131423805
36047018000,552.4983149269613
36047018100,452.7569321500181
36047018200,526.154352585158
36047018300,379.1287592332035
36047018400,438.4253366978167
36047018501,587.3488844134258
36047018600,427.60483078220057
36047018700,368.26213969280116
36047018800,547.553351508118
36047019000,668.116964385699
36047019100,444.94929142840925
36047019200,660.1673807663775
36047019300,699.6037081260425
36047019400,570.9094016438931
36047019500,469.3280522141542
36047019600,578.6255924493896
36047019700,506.09939565916494
36047019800,489.8932973492513
36047019900,648.6473552694406
36047020000,517.3624732234302
36047020100,463.9769604983109
36047020200,421.87825123901524
36047020300,473.649769357596
36047020400,380.3318545907602
36047020500,463.31349628925113
36047020600,474.572159009704
36047020700,429.18183491597154
36047020800,483.58420204451033
36047021000,553.0163299019723
36047021100,702.1921676320926
36047021200,597.8350765167297
36047021300,562.1303471743389
36047021400,566.00020033444
36047021500,536.3975071339314
36047021600,599.1791161936071
36047021700,538.1197066373539
36047021800,516.6042813222208
36047021900,538.756747867844
36047022000,894.0290029440316
36047022100,527.4141135304965
36047022200,743.3894733108219
36047022400,718.8332495305918
36047022600,638.4854129339155
36047022700,654.491393991468
36047022800,973.3927075548957
36047022900,466.161434817222
36047023000,657.9808945353795
36047023100,439.7490796478716
36047023200,750.3014561276815
36047023300,685.1531595496489
36047023400,737.8242648379994
36047023500,570.2546600242185
36047023600,816.0925823745456
36047023800,670.3936552296243
36047024000,710.2086202114806
36047024100,745.7611824033291
36047024200,672.7451771338037
36047024300,545.0865860654385
36047024400,544.5141635433166
36047024500,621.2041088697331
36047024600,524.0009269721893
36047024700,1200.6685021194385
36047024800,562.3390969409087
36047024900,567.5582504599759
36047025000,536.0842393234517
36047025100,554.8850642138855
36047025200,740.9439994033938
36047025300,541.9943172416747
36047025400,512.4127500593945
36047025500,644.676371030598
36047025600,498.51464987167134
36047025700,521.4056338243655
36047025800,543.2729001324673
36047025901,435.6052747092212
36047025902,605.2664708317425
36047026000,559.3275287244385
36047026100,601.2785051715048
36047026200,458.3797011172747
36047026300,449.1093034096223
36047026400,655.6054247602124
36047026500,533.728612509324
36047026600,551.7034345799831
36047026700,460.51549827700217
36047026800,566.1174113257225
36047026900,558.5122328031129
36047027000,489.84452899995745
36047027100,595.4778364483916
36047027200,530.3965059284831
36047027300,566.1922434447092
36047027400,532.219566267111
36047027500,617.2462746727965
36047027600,776.1964924935135
36047027700,591.3121860551491
36047027800,695.7422675647429
36047027900,561.7780045223914
36047028000,477.0892530107676
36047028100,737.0929607655819
36047028200,525.274382747551
36047028300,595.1629590310383
36047028400,644.5872502482503
36047028501,498.43009456716044
36047028502,581.1031809334694
36047028600,637.8369059082372
36047028700,592.9554296514276
36047028800,622.2105512284829
36047028900,668.8319863567942
36047029000,757.5868459177183
36047029100,506.92271594777907
36047029200,513.3306281462651
36047029300,560.7723878119514
36047029400,1016.783258175931
36047029500,531.1412301641789
36047029600,776.7484773508655
36047029700,567.0496599732932
36047029800,711.2895681334819
36047029900,549.6288900752492
36047030000,710.0130941287749
36047030100,552.2569826792134
36047030200,546.9070736346156
36047030300,685.2501659168446
36047030400,751.3243421361594
36047030500,810.7216602889806
36047030600,466.60791881274287
36047030700,765.0883600409297
36047030800,518.8314981715662
36047030900,610.916831395963
36047031100,492.21836994634685
36047031300,587.1439128708544
36047031401,548.8791407299515
36047031402,427.9117447633522
36047031500,623.0167735576755
36047031701,577.4642778474042
36047031702,545.8470975870935
36047031900,530.6295124190673
36047032100,605.7413162662475
36047032300,683.7469871092579
36047032500,787.9111552772287
36047032600,1186.1806281987936
36047032700,833.4762984375927
36047032800,604.0122794142875
36047032900,641.0901478591917
36047033000,670.5053246412243
36047033100,563.4559594684256
36047033300,537.4341783042187
36047033500,488.73366797889304
36047033600,556.4218663611866
36047033701,455.31841025396415
36047033702,436.33396328225336
36047033900,704.4987300349107
36047034000,495.71337631989604
36047034100,448.7000510975904
36047034200,898.7515121665004
36047034300,607.1155461244018
36047034500,473.8384478849269
36047034700,577.8562766200577
36047034800,765.0320830579716
36047034901,544.2417992908746
36047034902,571.2978870233021
36047035000,689.746124450469
36047035101,623.418776178893
36047035102,616.498480287528
36047035200,511.5891531210954
36047035301,513.8500019778373
36047035302,480.0902678139347
36047035400,788.7487399743061
36047035500,659.0781613102655
36047035601,507.4365149456488
36047035602,765.6839663543146
36047035701,497.16702447148015
36047035702,452.8637471151995
36047035900,809.5332069709967
36047036001,739.7976925179416
36047036002,761.6643009165938
36047036100,606.5382831674287
36047036200,926.0013470439384
36047036300,690.9748779288161
36047036400,525.828122638396
36047036501,538.9566984242124
36047036502,611.470196104385
36047036600,635.0777188535305
36047036700,622.9386187091025
36047036900,767.6298022749008
36047037000,652.4073856668315
36047037100,570.8046337248597
36047037300,678.1677356491639
36047037401,613.898491804001
36047037402,850.0164486700471
36047037500,592.4898612083757
36047037700,628.6569150332597
36047037900,581.1694857997891
36047038100,604.9479766301414
36047038200,668.8153811575833
36047038300,620.6473880437918
36047038500,484.4458391414237
36047038600,556.7082485111763
36047038700,655.1756452591576
36047038800,612.1845883654792
36047038900,794.2913199485685
36047039000,513.5659891182653
36047039100,597.1313604870379
36047039200,694.2950587158605
36047039300,538.2744874185407
36047039400,530.9758042474332
36047039500,649.5422694886985
36047039600,449.1826417641772
36047039700,592.2266718768462
36047039800,544.7764418659416
36047039900,547.0759580890502
36047040000,589.0365078460804
36047040100,583.6813020441884
36047040200,572.4741052762745
36047040300,615.7970175869544
36047040400,484.5923816318184
36047040500,535.4337528736439
36047040600,499.961574062886
36047040700,427.9117447633522
36047040800,511.81638508538583
36047040900,562.870186359677
36047041000,442.9174249121232
36047041100,496.62322686847506
36047041200,569.984320612988
36047041300,501.6002056060129
36047041401,428.86427894710954
36047041402,476.7586958350021
36047041500,520.9233607668026
36047041600,446.3228616052873
36047041700,554.0776680566236
36047041800,514.1383323320947
36047041900,500.5024384728933
36047042000,558.055813955234
36047042100,574.0261169360316
36047042200,569.4706178483129
36047042300,529.0982238344476
36047042400,566.875464194004
36047042500,658.1222654820058
36047042600,616.5695455188422
36047042700,631.7414137006888
36047042800,577.7387037379025
36047042900,620.3468822035693
36047043000,596.8103460084359
36047043100,737.52689457152
36047043200,540.5148753137487
36047043300,605.652244772557
36047043400,538.4357933922583
36047043500,579.8127908102172
36047043600,582.1872316525156
36047043700,607.2543506355274
36047043800,619.1764174423847
36047043900,1046.6412314594536
36047044000,468.67051861017353
36047044100,603.3189406576834
36047044200,476.4912843623558
36047044300,623.7719322283741
36047044400,482.45522401535464
36047044500,616.8040806358058
36047044600,580.816004678123
36047044700,1236.0899356995446
36047044800,476.26234334127673
36047044901,589.5609347361591
36047044902,466.0706445771973
36047045000,408.7519236855583
36047045200,467.13935248845416
36047045300,635.5469002348915
36047045400,552.2333532958564
36047045600,541.6824723174815
36047045800,444.2201945569532
36047046000,531.0206778178147
36047046201,545.7903817691528
36047046202,494.2983250901734
36047046400,511.5835712440296
36047046800,466.7370503226129
36047047000,476.51260815938855
36047047200,523.9532872495649
36047047400,513.5044437245708
36047047600,611.5286970671443
36047047700,433.9813785863111
36047047800,704.6281035157725
36047048000,609.7476301927495
36047048100,492.00042066307066
36047048200,717.252736290421
36047048400,600.2588395152153
36047048500,551.2516528428098
36047048600,615.9923261780925
36047048800,584.5297492423181
36047048900,560.6866366699707
36047049000,589.90205534889
36047049100,1141.2091351070376
36047049200,612.2791309904745
36047049301,490.31214975900525
36047049302,583.3538103572738
36047049400,589.7162784660853
36047049500,509.14723268189596
36047049600,752.6761821986173
36047049700,501.70522647106594
36047049800,633.2823894276258
36047049900,476.30495981420944
36047050001,418.50064511406873
36047050002,375.9914236333049
36047050100,484.0019876659947
36047050202,422.30915951837864
36047050300,395.9484958281453
36047050401,413.8905450974297
36047050402,398.54642689837107
36047050500,575.1767438068385
36047050600,758.552131979238
36047050700,646.3468312811617
36047050801,657.2199284362991
36047050803,727.1362531386528
36047050804,629.0930546224691
36047050900,647.3731518867971
36047051001,724.1280045267209
36047051002,669.2768383812376
36047051100,552.5232205365046
36047051200,644.0889775410902
36047051300,661.7929425713085
36047051400,692.7239181038995
36047051500,332.03680178650393
36047051601,623.882051153782
36047051602,627.9446061993874
36047051700,404.6806863122607
36047051800,480.2653259050791
36047051900,525.4527524421416
36047052000,495.8254772459455
36047052300,621.9707848148296
36047052500,672.0437167754147
36047052600,524.4417052395537
36047052700,779.2087837196601
36047052800,392.0715573101218
36047052900,669.1044198852826
36047053000,616.615633787741
36047053101,570.2879940242441
36047053102,917.1771121309404
36047053200,500.40524640561324
36047053300,729.7182396381763
36047053400,693.5380104420317
36047053500,623.6074480354407
36047053700,771.6394779265089
36047053800,680.1668126077747
36047053900,494.16340027875793
36047054200,608.6456597889267
36047054300,545.6882402745779
36047054400,524.2634056339757
36047054500,838.0940394083938
36047054600,658.1718494323566
36047054700,864.470703204173
36047054800,457.1158571204978
36047054900,571.156712178753
36047055000,581.4033498690875
36047055100,770.7913466808063
36047055200,713.3358515430874
36047055300,744.5303537277742
36047055400,1135.168540390303
36047055500,832.8023705610897
36047055600,514.8666648713428
36047055700,763.0173489737667
36047055800,457.4855065383238
36047056000,524.5925013682029
36047056100,562.4658045963055
36047056200,403.3715306294711
36047056301,679.3001499110436
36047056302,456.99548483291693
36047056400,552.0059342159204
36047056500,824.4795699457549
36047056600,620.028712497063
36047056800,464.39989997283885
36047056900,562.8603223124471
36047057000,807.912323163726
36047057100,496.07542538982653
36047057200,674.0066610120659
36047057300,571.7145636775767
36047057400,511.5595380648187
36047057500,577.3974909148238
36047057600,499.8871883888204
36047057800,576.4810952879692
36047057901,564.2305583853131
36047057902,519.5604217866224
36047058000,650.5187098541601
36047058200,587.6088113371964
36047058400,532.3254038879552
36047058600,467.9310472512217
36047058800,619.4565591035356
36047058901,841.64740045068
36047058902,464.00952863310334
36047059000,525.0284776527235
36047059100,466.35311324809607
36047059200,724.9738033058109
36047059300,598.4555465858457
36047059402,862.1008260885791
36047059403,560.4440336979791
36047059404,585.2411806083916
36047059600,727.8408065511255
36047059800,502.5530125944637
36047060000,831.6634991781938
36047060600,766.2717861518186
36047060800,631.0124325748957
36047061002,589.8830212407871
36047061003,510.43283694224453
36047061004,836.3360651523901
36047061200,349.96744294060306
36047061600,356.9370661953175
36047062000,407.9731175133417
36047062200,567.7214204612069
36047062600,508.13928396405527
36047062800,647.2719023182789
36047063200,469.1876730474188
36047063600,345.5351777494452
36047063800,459.3557554149747
36047064000,378.97549330435305
36047064200,484.52822175061004
36047064400,467.98383484837996
36047064600,447.35167052072353
36047064800,395.78742592921196
36047065000,522.6151650170544
36047065200,546.2068322123375
36047065400,393.932421716659
36047065600,406.878100218188
36047065800,431.65527871783434
36047066000,374.0200549269398
36047066200,751.86965333723
36047066600,486.73618788663254
36047067000,535.9791856442944
36047067200,559.8342641186872
36047067400,454.94567406101913
36047067600,479.789945278906
36047067800,453.18231619151766
36047068000,474.14934484376033
36047068200,476.68594778772876
36047068600,446.32434180156105
36047068800,433.53293130711336
36047069000,468.74768014143643
36047069200,456.7225290058372
36047069601,644.7181797333858
36047069602,617.9003277926008
36047069800,839.1550816371754
36047070000,412.74542772854926
36047070201,645.3828695477305
36047070202,435.4719457912092
36047070203,427.9117447633522
36047070601,381.8683790482759
36047070602,427.9117447633522
36047072000,605.376633056756
36047072200,782.5843473325434
36047072400,528.5617237365243
36047072600,566.8246983738036
36047072800,640.9629951215891
36047073000,452.56854638392025
36047073200,430.85958037024096
36047073400,347.16920253680956
36047073600,586.7298835174586
36047073800,665.2378044300192
36047074000,538.4804069470621
36047074200,499.7615670274085
36047074400,404.3400827046908
36047074600,572.8661603559862
36047074800,533.0641951372285
36047075000,501.596048888196
36047075200,369.27118959271166
36047075400,370.2824681478294
36047075600,426.43776098800714
36047075800,426.81673038404364
36047076000,512.9554826092598
36047076200,602.0472196414222
36047076400,560.6720325635895
36047076600,424.4911795689237
36047076800,674.9114846381923
36047077000,498.9176132124284
36047077200,497.6708711442494
36047077400,1233.0872670974418
36047077600,543.2057833010658
36047078000,401.77860076783435
36047078200,531.3487633267282
36047078400,463.3253192258329
36047078601,619.5177411860158
36047078602,474.71740819392846
36047078801,503.0131623926884
36047078802,455.7134740948472
36047079001,608.898995284755
36047079002,517.9036968645548
36047079201,735.741883473798
36047079202,494.7990887870229
36047079400,637.9149447490489
36047079601,539.2271065432246
36047079602,835.7739501847758
36047079801,476.1826668350999
36047079802,625.7054443332288
36047080000,477.8111728335225
36047080200,517.5360397035638
36047080400,581.4166625992051
36047080600,580.5300829710287
36047080800,567.3609201466362
36047081000,439.28509468953143
36047081400,506.5977347561791
36047081600,478.26708271207013
36047081800,607.2105229318147
36047082000,778.4222916064374
36047082200,707.9467418871218
36047082400,737.2985527299567
36047082600,591.796514310317
36047082800,649.6793292185579
36047083000,695.2454406517087
36047083200,434.8024465874735
36047083400,412.08091338679003
36047083600,528.3476328818704
36047083800,502.8490562596968
36047084000,524.4959066555892
36047084600,525.6961895745262
36047084800,445.7800388026132
36047085000,384.02918477638065
36047085200,427.9117447633522
36047085400,433.7392710616942
36047085600,554.5072057514964
36047085800,497.0532112081303
36047086000,504.93144622038943
36047086200,570.3709969874249
36047086400,592.4916621997004
36047086600,496.4688360270329
36047086800,849.483207269667
36047087000,512.5366528494627
36047087200,496.88700047061695
36047087401,547.0576792759366
36047087600,521.2312451285594
36047087800,610.7543816036963
36047088001,855.5339944750723
36047088002,470.8459328338648
36047088200,719.9627114393312
36047088400,646.1029869426939
36047088600,623.7105143786459
36047088800,692.6149904473745
36047089000,894.8204605153932
36047089200,1086.3014276785534
36047089400,572.0845350704507
36047089600,636.5943185864693
36047089800,467.64136269066205
36047090000,792.3696647243393
36047090200,672.4653972551766
36047090600,935.3593504129237
36047090800,791.8136180586632
36047091000,841.9975035986027
36047091200,733.670682108118
36047091600,742.2730909552704
36047091800,520.2688926709401
36047092000,611.1715556860357
36047092200,538.8598858480884
36047092400,679.2517946301951
36047092800,458.89186038192173
36047093000,488.17406156256294
36047093200,812.6583597016125
36047093400,496.27305262359533
36047093600,452.1182879618484
36047093800,512.8530892861554
36047094401,580.7215944712751
36047094402,514.1821916879195
36047094600,487.07067237473086
36047095000,509.8204360734297
36047095400,556.9382450991719
36047095600,601.7923529950237
36047095800,495.6993597819427
36047096000,918.8257068483169
36047096200,493.3642624023701
36047096400,519.580616689397
36047096600,498.26175047689514
36047096800,521.3065401674683
36047097000,412.69907694638016
36047097400,551.0443054209526
36047098200,633.791986135803
36047098400,510.84779380755117
36047098600,454.25184321793415
36047098800,491.9953776990189
36047099000,450.5676526285198
36047099200,430.03896265512554
36047099400,418.2035575193252
36047099600,479.4526068676152
36047099800,485.8741367643572
36047100400,489.4101230722068
36047100600,429.7323550446716
36047100800,461.7580351304841
36047101000,562.4704031292223
36047101200,430.43338362418996
36047101400,431.7212816549904
36047101600,338.8231534991685
36047101800,411.3477770468589
36047102000,384.1723544421882
36047102200,540.6793878071686
36047102400,477.5307753336304
36047102600,470.49109490004054
36047102801,696.6942845816643
36047102802,432.34392503281595
36047103401,642.8347602598152
36047103402,436.82201248333115
36047105801,686.0396081626294
36047105804,760.6451723412206
36047107001,725.9427670790585
36047107002,427.9117447633522
36047107003,427.9117447633522
36047107800,532.8015960750618
36047109800,490.86726768449074
36047110400,911.0934501559408
36047110600,627.5906554057315
36047111000,533.4136645414525
36047111600,646.858680798284
36047111800,554.9889158847539
36047112000,524.0790588326943
36047112200,580.1981779616157
36047112400,574.5723141017689
36047112600,607.683275102441
36047112800,689.069360095355
36047113000,582.2123375846485
36047113200,499.6327583838353
36047113400,527.046655056502
36047114201,508.41770500946836
36047114202,468.2532211673732
36047114400,545.7121198933608
36047114600,514.1863216583215
36047115000,490.9294246498264
36047115200,520.8560593475162
36047115600,709.4361314262682
36047115800,468.54867909113415
36047116000,480.302679567977
36047116200,477.36483694873357
36047116400,553.9002591975853
36047116600,546.6373381088196
36047116800,532.0838499755525
36047117000,551.718259634502
36047117201,472.82551501403196
36047117202,554.5858831505191
36047117400,639.3514595042316
36047117601,491.9470550866027
36047117602,603.5018071665182
36047117800,498.6185778168559
36047118000,464.68156320069886
36047118201,571.4669646514568
36047118202,470.12880097656637
36047118400,667.2430100126873
36047118600,490.6921409612702
36047118800,743.006583120971
36047119000,621.896541457252
36047119200,508.60809004438465
36047119400,609.5791505021474
36047119600,820.5347117894519
36047119800,878.8496200077548
36047120000,637.8112164005873
36047120200,463.6632184168045
36047120801,571.9453004175558
36047120802,663.6846366063013
36047120803,471.428722935756
36047121000,601.8260415822496
36047121400,636.896266543594
36047122000,866.4731436611982
36047123700,1315.1675377510726
36047150200,448.12289598786174
36047152200,382.0915641370386
36047990100,427.9117447633522
36061000100,427.9117447633522
36061000201,505.3105759858075
36061000202,797.8712738740786
36061000500,439.0784198011579
36061000600,1103.2928635270148
36061000700,1730.0834035797166
36061000800,982.0408853189189
36061000900,1064.9367837525213
36061001001,369.28564314310086
36061001002,740.2491553942119
36061001200,526.6500500591695
36061001300,4998.232967466503
36061001401,514.9781797032632
36061001402,569.0080580246178
36061001501,1103.3830406940572
36061001502,1278.3862411065409
36061001600,1221.5348866062623
36061001800,1298.4388534524146
36061002000,635.4135644909891
36061002100,3869.365812012397
36061002201,735.3786694992588
36061002202,390.2055060002637
36061002400,619.4510234924479
36061002500,627.142314241601
36061002601,645.2002332861551
36061002602,494.70736903191306
36061002700,409.20774396372383
36061002800,720.762377885339
36061002901,1394.506442164223
36061002902,1056.718152133952
36061003001,781.5416943943724
36061003002,530.855261825455
36061003100,3223.5631073725467
36061003200,765.7738800680011
36061003300,2019.5181162302629
36061003400,733.1415638279126
36061003601,643.502778792457
36061003602,496.12258869828094
36061003700,1169.1163031080123
36061003800,948.0273426262422
36061003900,557.9633009579137
36061004001,431.05201533677143
36061004002,551.4367349166997
36061004100,1608.4821686795826
36061004200,1020.6635545921831
36061004300,1313.6186495484476
36061004400,1523.038238491722
36061004500,3136.3748291070883
36061004700,1045.0475833173005
36061004800,665.4727968671359
36061004900,1497.8563348159723
36061005000,1087.3844317866885
36061005200,2020.4185093991252
36061005400,5171.844923516525
36061005501,573.4121653598031
36061005502,1195.4825841537217
36061005600,3682.4134398788847
36061005700,1979.1055138938575
36061005800,5616.4372030192735
36061005900,579.8664347577396
36061006000,464.689974468451
36061006100,1757.4052834942638
36061006200,532.0790735014941
36061006300,872.8456334052678
36061006400,837.2560005431202
36061006500,602.4901099269946
36061006600,990.9627556045605
36061006700,627.7238738388351
36061006800,1797.9923846291033
36061006900,350.22723507184605
36061007001,525.8153434757307
36061007002,539.430615331224
36061007100,660.6608380075633
36061007200,1433.5313475769199
36061007300,594.2864753023572
36061007400,6086.108177340253
36061007500,423.2272136823799
36061007600,7543.746080617182
36061007700,549.4131223369905
36061007800,858.9030333850541
36061007900,472.76640898915343
36061008000,2422.989034591178
36061008100,834.3400959092186
36061008200,6353.798094280572
36061008300,3983.728600742269
36061008400,3861.083040280789
36061008601,433.99299301309827
36061008602,434.5772007569853
36061008603,506.07932646866874
36061008700,1276.3210217590436
36061008800,2711.3755569833224
36061008900,697.4997993959821
36061009000,2255.5575725026783
36061009100,2026.2586307831082
36061009200,8628.057253663577
36061009300,823.7436173312103
36061009400,14650.568906887582
36061009500,2964.8410036949067
36061009600,25893.612834822772
36061009700,566.6618591510656
36061009800,1212.734779555679
36061009901,718.0434730801617
36061009902,612.6585997079744
36061009903,405.3111963600885
36061010000,7130.526100986871
36061010100,5604.773736686888
36061010200,15182.14853483446
36061010300,3725.9825215181863
36061010400,7763.699165502949
36061010601,511.9396764837375
36061010602,498.9044088629845
36061010801,1305.503019827835
36061010802,542.7207106948067
36061010803,869.0956858978519
36061010900,18075.253548110337
36061011000,824.0445407670202
36061011100,1543.8926214489334
36061011201,2095.7579190948136
36061011202,3936.4114657550317
36061011203,2362.7565162359724
36061011300,20210.867207266612
36061011401,2157.2088221483086
36061011402,1066.392730423036
36061011500,1011.892382851552
36061011600,469.9035837156559
36061011700,553.1206417970542
36061011800,857.4995235710325
36061011900,27669.090410674475
36061012000,480.9665686563897
36061012101,1780.9330859565896
36061012102,735.8330425530381
36061012200,526.4838077541989
36061012400,989.6614603275152
36061012500,11933.593792464098
36061012601,610.0673816696705
36061012602,420.27787952762753
36061012700,1082.8319937477356
36061012800,459.98929038331397
36061012901,684.0722009486781
36061012902,545.9626335736456
36061013000,434.07605929136633
36061013100,13113.17099204052
36061013201,398.4965269376791
36061013202,473.6987109625647
36061013203,521.3359240042599
36061013300,869.6036047100624
36061013400,911.8588282852878
36061013501,628.9245635860711
36061013502,912.4289482172186
36061013601,511.32526910822486
36061013602,499.4896482475864
36061013603,459.1850104377632
36061013604,434.5984498547403
36061013700,4176.466944383879
36061013800,989.9430362191637
36061013900,1464.369929298831
36061014000,617.7762615692185
36061014200,778.0879877647984
36061014300,591.9998131951479
36061014401,432.09608478799055
36061014402,566.9362419730677
36061014500,661.4856635023058
36061014601,690.0222280794591
36061014602,770.6815076788245
36061014700,352.4948667191262
36061014801,416.2904382621061
36061014802,700.7671390713696
36061014900,2318.186433056859
36061015001,334.97091474048705
36061015002,407.17416887559216
36061015101,580.6544880369809
36061015102,760.9294902900269
36061015200,699.5213797420961
36061015301,958.2342176266749
36061015302,605.5012488027478
36061015401,490.86657119818653
36061015402,517.4835383113402
36061015403,583.6360751099083
36061015501,452.26761163729446
36061015502,475.52733073609875
36061015601,754.5993918159811
36061015602,478.2429926232556
36061015700,900.9051653096468
36061015801,477.1588536492186
36061015802,533.4582936116473
36061015900,748.1963207598
36061016001,604.5779222242065
36061016002,454.52907989735553
36061016100,503.97452354770996
36061016200,1012.7546885283524
36061016300,659.6305634254834
36061016400,904.1329282690626
36061016500,560.9049870400266
36061016600,866.7562719087433
36061016700,1006.4199103696958
36061016800,694.9995992882186
36061016900,633.514036604569
36061017000,1160.8075132211954
36061017100,782.2307693428802
36061017200,860.181858541508
36061017300,724.638688671588
36061017401,644.0969820599099
36061017402,494.72172713959344
36061017500,841.5294315984563
36061017700,856.5853423369434
36061017800,644.2329946377363
36061017900,787.0380956083629
36061018000,770.0301621597998
36061018100,768.7172561282308
36061018200,982.002260633304
36061018300,786.8791354959321
36061018400,860.5273436150655
36061018500,480.8086972981962
36061018600,664.5032091940136
36061018700,805.4356285785456
36061018800,741.1538028510162
36061018900,1081.1256102931243
36061019000,502.58883770172554
36061019100,723.2843461064117
36061019200,590.6122663725911
36061019300,927.9528754785626
36061019400,705.8970507270428
36061019500,723.5661697563453
36061019600,1051.1062806576201
36061019701,418.76863436616185
36061019702,433.8444220447325
36061019800,477.1177175114844
36061019900,867.8816535273377
36061020000,789.0842705308144
36061020101,405.3174833338466
36061020102,566.0076197190125
36061020300,565.1493917789202
36061020500,477.08947502984074
36061020600,583.6871213083546
36061020701,452.5822700015669
36061020800,613.4770132642858
36061020901,712.0876162719551
36061021000,710.437807042579
36061021100,990.1592044000348
36061021200,708.7029853770923
36061021303,789.0146688990435
36061021400,536.3625913052733
36061021500,604.5576293055022
36061021600,921.2494578984331
36061021703,472.1100068281178
36061021800,775.5668876190766
36061021900,770.572367644028
36061022000,670.2798490874768
36061022102,514.8589464869635
36061022200,1971.6527092962945
36061022301,833.0066307666893
36061022302,508.0415143171207
36061022400,795.7668210354027
36061022500,1122.0585216330003
36061022600,607.4853725233556
36061022700,697.218548876699
36061022800,751.3067092858818
36061022900,924.2522763452716
36061023000,925.6036995710906
36061023100,869.24372467222
36061023200,1276.2297961709637
36061023300,731.709350234146
36061023400,1027.3334952368448
36061023501,827.885681900848
36061023502,462.3940517418184
36061023600,1137.39017048015
36061023700,697.258913910443
36061023802,548.4084309745159
36061023803,499.173991621567
36061023804,462.3557125779512
36061023900,532.1553997338184
36061024000,582.4138698585424
36061024100,813.5271934880765
36061024200,789.4231651318518
36061024301,613.0548245456832
36061024302,827.1933688090184
36061024500,1628.3104996296067
36061024700,628.3350427823079
36061024900,401.2646455248089
36061025100,722.7875056910382
36061025300,1109.4925879541474
36061025500,607.7151590999706
36061025700,798.146914506172
36061025900,577.9178875995447
36061026100,1297.3442415283764
36061026300,1058.2796394624963
36061026500,796.5043858410527
36061026700,468.3795650307529
36061026900,1310.6823377461083
36061027100,1162.322354414008
36061027300,713.1463711589254
36061027500,388.20339105829345
36061027700,725.5966748653528
36061027900,1010.6217005076735
36061028100,435.26637699469205
36061028300,846.8052163362178
36061028500,1026.907010549437
36061028700,529.3032581512125
36061029100,1417.117842074576
36061029300,1614.29573487154
36061029500,766.3855262708107
36061029700,430.6256038862649
36061029900,600.7318206718776
36061030300,569.2913911562277
36061030700,566.6050790017064
36061030900,1330.68828143663
36061031100,441.34648260757785
36061031703,982.0420089742051
36061031704,728.1224638763321
36061031900,482.71120906429195
36081000101,513.8570827816893
36081000102,683.2336944706959
36081000103,489.85790681011406
36081000104,609.7511635754946
36081000200,475.6437845684056
36081000400,566.4157779120668
36081000600,507.03835276135965
36081000701,582.6089384734705
36081000702,736.9722545249236
36081000800,481.9706665549764
36081001000,575.9567885132645
36081001200,576.0260715254075
36081001400,530.2990738270679
36081001600,489.8616531715391
36081001800,471.0335987777094
36081001901,408.81906546845636
36081001902,1064.5830439170945
36081001903,906.2926892550088
36081002000,400.47000795955864
36081002200,484.038624817124
36081002400,434.0283581254464
36081002500,839.0490242419365
36081002600,407.7357129006115
36081002800,517.321690397471
36081003000,386.6047536676792
36081003100,632.3262011963369
36081003200,467.6311363108885
36081003301,743.5935296225349
36081003302,589.6575277392983
36081003400,739.585955452276
36081003600,512.8541012030898
36081003700,548.3543547641841
36081003800,501.4146939638859
36081003900,496.14725329593796
36081004001,494.3362699550758
36081004002,611.7597381381231
36081004200,638.5347112596602
36081004300,534.0300190138308
36081004401,609.6375971234885
36081004500,491.38698867640306
36081004700,642.6736253153646
36081005000,439.0784198011579
36081005100,527.7505079427651
36081005200,468.02991501168736
36081005300,639.4447184019724
36081005400,715.6826126658259
36081005500,1235.062472524281
36081005700,1271.611894662799
36081005800,714.9034867753337
36081005900,692.7657253680206
36081006100,689.4443436755192
36081006201,637.9140092951011
36081006202,743.557679543977
36081006300,706.9180469863817
36081006501,526.8764915770688
36081006502,638.3320247343528
36081006900,536.2590344853071
36081007100,688.1865397343279
36081007300,526.7126036669273
36081007500,632.4006158602034
36081007700,569.2391799065829
36081007900,441.5400945563233
36081008100,406.7195473053043
36081008300,483.3016028788008
36081008500,665.9378290426455
36081008600,549.6216987944033
36081008700,632.2994758166006
36081008800,528.8355151250258
36081009100,413.7205788567571
36081009400,545.7409231462564
36081009500,403.0821004893748
36081009600,474.59033670155
36081009700,474.8247705134286
36081009800,537.9333703547986
36081009900,427.9117447633522
36081010000,511.45874022012816
36081010100,413.97712772654535
36081010200,452.06245975545517
36081010300,527.3274881931127
36081010400,551.7997515491094
36081010500,578.3662871924107
36081010600,532.3967331392785
36081010701,435.57378535672177
36081010800,488.51403583566633
36081011000,521.3635833866958
36081011100,436.49149963468363
36081011200,537.5234468450576
36081011300,573.2206188444992
36081011400,500.4636749840064
36081011500,729.4875540731832
36081011600,490.14207889502325
36081011700,495.7239992574366
36081011800,539.646573122965
36081011900,705.3076526425672
36081012000,504.18415914016373
36081012100,435.26515439158146
36081012200,484.33035173992323
36081012301,548.3569027606802
36081012400,534.6649931226108
36081012500,460.81683932851985
36081012601,543.8195659741175
36081012602,464.66975998507036
36081012800,432.65477097354216
36081013000,489.84747293780674
36081013200,497.16861069528073
36081013400,635.1749531764709
36081013500,386.45243882215084
36081013600,463.2197792563033
36081013700,450.20040182581073
36081013800,554.8850992877491
36081014000,558.2433144838891
36081014100,468.22187736434364
36081014201,585.0401980362426
36081014202,628.6503530030853
36081014300,547.9691667902555
36081014400,559.4181228820463
36081014500,476.8237831899262
36081014700,566.8250716930332
36081014800,540.1072106716849
36081014900,518.4117428649536
36081015000,439.64714738589834
36081015100,495.9543950197774
36081015200,488.59369907618685
36081015300,500.69379412833047
36081015400,526.4487804379111
36081015500,981.8044405799201
36081015600,539.0054847923543
36081015700,1575.816900518388
36081015801,558.6759898081098
36081015802,779.6236629190365
36081015900,656.4376829932913
36081016100,625.9638785625175
36081016300,642.1643923618714
36081016400,487.7240052932171
36081016600,624.1529839760942
36081016800,446.2896315172324
36081016900,605.6259858583884
36081017000,439.06572086891333
36081017101,428.8512004623794
36081017102,1212.5663412023293
36081017200,477.3683790577799
36081017400,429.16282292024374
36081017600,445.0038747378636
36081017800,442.9677399973837
36081017901,753.1585725542294
36081017902,1143.0886887621953
36081018000,480.3511727057996
36081018101,690.9918157999078
36081018102,630.8801162463382
36081018200,497.4161021027976
36081018300,820.8708834577947
36081018401,495.4777834833477
36081018402,501.3189499762985
36081018501,525.854786069085
36081018502,685.3669847892725
36081018600,411.83138867486224
36081018700,473.2331685093709
36081018800,405.8740682635514
36081018900,492.34647300168706
36081019000,512.861599107309
36081019200,432.16945939574356
36081019400,464.5880738724696
36081019600,510.48410601981317
36081019800,541.35698252912
36081019901,582.0651129369893
36081019902,543.0282645566184
36081019903,432.34392503281595
36081020200,502.6626904185995
36081020400,517.5261254389328
36081020500,427.6878815136519
36081020600,509.9074606395707
36081020800,768.349421606412
36081021200,915.8586767922096
36081021400,1010.4365235008057
36081021601,776.3383076889372
36081021602,457.77758553842085
36081021603,436.82201248333115
36081021900,511.3389596064009
36081022001,666.136289873581
36081022002,620.4287283106592
36081022900,443.37805283230244
36081023000,404.14511382082344
36081023200,528.1440413704987
36081023501,804.7692372161407
36081023502,722.8687593877157
36081023600,692.1036382959323
36081023800,914.1570970882269
36081024000,1217.4385275886236
36081024300,674.2931323029666
36081024500,664.7011924574043
36081024600,516.3801904528838
36081024700,482.0192141403473
36081024900,678.1629837561859
36081025100,693.1263973829235
36081025301,743.0056034857789
36081025302,709.775735069164
36081025401,551.4541928190072
36081025402,726.5859864391988
36081025500,527.9754699320313
36081025700,511.56818196435415
36081025800,477.1720236486427
36081025900,648.8239820923444
36081026000,508.061055751725
36081026100,974.091246806889
36081026200,422.757853259313
36081026300,662.5659724064158
36081026400,464.0976780067092
36081026501,591.5731579984939
36081026502,414.38669371085683
36081026600,496.69375860349203
36081026700,927.0149679184105
36081026901,1111.5050056497282
36081026902,731.8380439113525
36081027000,431.17391236841127
36081027101,650.3820362063433
36081027102,654.6607186938144
36081027200,489.2458994966239
36081027301,1025.6727007413892
36081027302,746.1681193511026
36081027400,437.3171560454349
36081027500,782.413213588314
36081027600,401.9053142952466
36081027701,745.3746640890856
36081027702,560.8811248981899
36081027800,499.0408186727384
36081027900,1001.5612140427003
36081028000,445.8401072454389
36081028100,800.3794265667863
36081028200,457.14822150149894
36081028300,1490.4510760619428
36081028400,536.1974480914022
36081028500,595.8285478420507
36081028700,1039.2974471680398
36081028801,439.18381429725486
36081028802,460.0669179108222
36081028803,432.34392503281595
36081028900,1072.710408209586
36081029100,806.598743685681
36081029300,498.6918614427997
36081029400,928.219631645028
36081029500,683.5061019247518
36081029700,501.08657556822993
36081029900,430.9677201111146
36081030600,679.2613803532513
36081030903,888.873292178177
36081030904,921.229543770042
36081030905,508.7630357879735
36081030906,616.7981871279165
36081031700,720.2435018802372
36081032000,657.7411164636155
36081032700,519.9503329016907
36081032800,466.47259720571003
36081032900,687.7442537992721
36081033000,741.8056039629345
36081033100,436.82201248333115
36081033401,622.1632905304019
36081033403,587.33893506178
36081033404,668.0256136073781
36081033405,524.699071710522
36081033700,450.14190700684736
36081033900,598.9715159628556
36081034700,649.1864923521659
36081035100,534.8002504037378
36081035200,625.2782300674098
36081035300,515.8297968513501
36081035700,722.6581244523586
36081035800,568.7646749537994
36081036100,493.9514778459919
36081036300,490.7214965858566
36081036500,580.9489773469564
36081036600,595.6748250362733
36081036700,501.69569498199314
36081036800,470.1877481722927
36081037100,430.2351261616403
36081037300,565.0287816395917
36081037501,470.1129145012381
36081037502,931.4518792996759
36081037600,683.4389648973583
36081037700,520.1228129449281
36081037900,661.1357872820097
36081038100,725.09824426397
36081038301,453.23674063036935
36081038302,489.2504272445683
36081038400,495.90717408410416
36081039400,536.9541351353759
36081039800,424.8722214658711
36081039901,476.9083944636071
36081039902,573.3300699182495
36081040000,388.81017153819965
36081040101,518.3643527010878
36081040102,552.9044436665378
36081040200,402.29690629132773
36081040301,541.699099628917
36081040302,632.6723315103169
36081040400,536.0379796016889
36081040501,813.8860273753816
36081040502,806.6869943351401
36081040701,501.18567880140125
36081040702,547.65035285737
36081040901,443.23954396650356
36081040902,471.01315173780745
36081041100,555.1946416740076
36081041300,618.691557560375
36081041400,573.9123622615213
36081041500,581.0652688855293
36081042400,476.42305448661114
36081042600,464.0945997908201
36081042700,584.3729301441232
36081043200,424.0746501585791
36081043400,440.88865098048376
36081043701,582.6712114937694
36081043702,678.2316020861483
36081043900,590.5444841803098
36081044000,594.836554624077
36081044301,594.904088445885
36081044302,634.5070445184708
36081044400,868.2303014955022
36081044601,3659.757903555786
36081044602,828.3101705503857
36081044800,498.33888590995167
36081045000,405.22606614859575
36081045200,397.5685377398989
36081045400,612.5463580247649
36081045500,1808.9406557307902
36081045600,423.0602992795652
36081045700,481.19858709541904
36081045800,501.062586986131
36081045900,502.66343769686006
36081046000,1721.1170246532033
36081046100,523.2160934944253
36081046200,807.6943877637767
36081046300,523.7181191917686
36081046400,392.45522320066146
36081046500,596.201236129296
36081046600,639.0169534718505
36081046700,714.7785979971593
36081046800,640.402894433336
36081046901,667.2318015707376
36081046902,668.5272496771493
36081047000,550.2362841339312
36081047100,629.9938623640144
36081047200,461.1016886023002
36081047300,1015.025912374742
36081047500,697.5173780045856
36081047600,383.43508590409704
36081047801,608.2819605009227
36081047802,422.6482917328479
36081047900,697.332055095482
36081048000,527.6410713926172
36081048100,678.6564497347664
36081048200,405.6237742746171
36081048301,449.54883196147955
36081048302,420.53722363836073
36081048400,615.8733717323353
36081048500,887.2024080517867
36081048900,524.5635695913951
36081049201,492.69721693861163
36081049202,442.7763015658642
36081049301,455.4510560220996
36081049302,630.2563415982555
36081049500,389.4726370776139
36081049600,494.23399453132396
36081049700,487.8038613335016
36081049900,695.3701367263787
36081050000,636.3251585401824
36081050201,408.6363122643337
36081050202,400.7488628004526
36081050400,382.77757878936063
36081050500,394.17188611654876
36081050600,413.34787750518456
36081050700,511.4469062559907
36081050800,470.5653619374013
36081051000,436.8459023436644
36081051100,462.700131994205
36081051200,480.400435810607
36081051300,465.3983744790324
36081051500,509.6689397179502
36081051600,443.27404632342115
36081051700,476.24105893745104
36081051800,402.04874183411755
36081052000,427.2647491651092
36081052100,508.7566432197517
36081052200,454.49319773457563
36081052400,429.98059042749367
36081052500,453.9727327100113
36081052600,456.0410600851446
36081052800,447.81233051901995
36081053000,448.00190648471767
36081053100,567.1876919619558
36081053200,490.53583948751435
36081053401,466.9837408174787
36081053501,435.88010900448836
36081053502,475.65932239409284
36081053601,509.202041768646
36081053800,405.2069046664991
36081053901,591.3135964206964
36081053902,453.96541379767416
36081054000,592.4203463125102
36081054200,621.2583115444263
36081054500,550.8730236678164
36081054700,590.5070750592995
36081054800,456.0439363278794
36081054900,835.2150601410141
36081055100,701.4990240753918
36081055200,569.1083070316942
36081055300,866.3461297164893
36081055400,467.8479712814726
36081055500,472.2354331991675
36081055600,386.17989713570705
36081055700,578.5816832148707
36081055800,415.91313242016963
36081055900,509.89512291140124
36081056000,382.9044386177109
36081056100,465.18363101738123
36081056200,385.7783543304348
36081056400,493.3150787942177
36081056500,393.2780310303058
36081056600,446.79960754378027
36081056700,527.8212204954758
36081056800,742.8610465948237
36081057700,713.4496139909954
36081057900,469.3594123942844
36081058000,462.50201896505223
36081058100,512.284510905249
36081058200,570.0130471004337
36081058300,493.05894285272825
36081058500,521.1606671777953
36081058700,508.8404084074843
36081058900,646.3876603622288
36081059000,396.23534641026106
36081059100,595.176567312701
36081059200,416.3672966155219
36081059300,576.5714871705679
36081059400,367.6261265115758
36081059501,469.78344380162065
36081059502,488.920753947954
36081059600,439.6856380903798
36081059800,427.1896847746918
36081059900,380.6772070695956
36081060000,395.66379892744874
36081060100,502.20262415754473
36081060300,627.805528763232
36081060600,370.5603724867938
36081060701,445.91781582324444
36081060800,444.5680941372276
36081061000,428.5504864835799
36081061200,386.0208505228092
36081061301,981.3388786064522
36081061302,451.9059318817901
36081061400,370.5128198955063
36081061601,419.9941981628204
36081061602,393.120407584468
36081061800,451.3659267870953
36081061900,531.0639580281013
36081062000,367.58918150718966
36081062100,521.4745976628884
36081062200,408.4206529692519
36081062300,463.45149711829447
36081062400,427.9117447633522
36081062500,465.16324189928156
36081062600,469.86007187572386
36081062700,483.4176666544506
36081062900,556.3948694239498
36081063000,411.5330016016673
36081063200,566.7390897315364
36081063301,366.8252559065431
36081063302,426.46861601388986
36081063500,469.7067733973335
36081063700,926.1943306332751
36081063800,480.09519603687653
36081063900,486.37155184888275
36081064101,426.42129779782204
36081064102,448.2212075801127
36081064500,575.1749449975092
36081064600,425.29866898981504
36081065000,416.11787303418066
36081065401,547.2048186154491
36081065402,430.1221260277458
36081065501,476.8077739808943
36081065600,567.8058602134905
36081065702,434.2175104677987
36081065703,518.7205059602903
36081065900,437.08906046139083
36081066000,467.3545211641187
36081066100,379.14619404597346
36081066301,512.7931166094111
36081066302,436.82201248333115
36081066401,426.5819600631729
36081066402,495.4424203762464
36081066403,581.1262997366703
36081066404,427.9117447633522
36081066501,522.739807375601
36081066701,473.78171527645156
36081066900,449.73767318089193
36081067100,474.45887471990665
36081067700,462.2212260800213
36081067900,629.6282842083574
36081068000,552.9719342352644
36081068200,395.9003862903507
36081068300,2172.576848951123
36081068700,551.9738281520134
36081069000,496.8074230587885
36081069300,978.6308668946781
36081069400,505.2308927947227
36081069500,542.4388301801616
36081069701,530.5255908343016
36081069702,554.9070594435019
36081070300,465.44389155848813
36081070700,419.3694440983603
36081070900,462.78235849976016
36081071100,786.6428866995747
36081071303,915.177386051379
36081071304,650.7202379733872
36081071305,605.353679859213
36081071306,809.4285687910484
36081071600,623.3003081495948
36081071701,1845.2408612579613
36081071702,606.5935007636821
36081071900,538.6937195529814
36081072100,588.3959140932702
36081072300,360.2163345247488
36081072900,464.301499025292
36081073100,375.77906821503734
36081073700,502.2112060410445
36081073900,675.8462025345815
36081074100,481.5193244229125
36081074300,900.7593828665545
36081074500,580.1223150072532
36081074700,476.23652983242687
36081074900,299.0183639292431
36081075701,728.3471627904796
36081075702,539.0093213029706
36081076901,628.3377942319117
36081076902,462.7847084636218
36081077300,474.0036837556114
36081077500,515.8650256900721
36081077902,629.6212535011798
36081077903,489.92212894914866
36081077904,643.8093287464947
36081077905,510.2503017482714
36081077906,570.1041121427492
36081077907,573.7248961593652
36081077908,478.98266998407377
36081078800,438.153898606302
36081079000,491.9435221944954
36081079200,573.466543137521
36081079300,444.5719722570833
36081079701,777.4549047244151
36081079702,562.2638499066372
36081079900,593.9216383232548
36081080301,596.128074630875
36081080302,525.7519041545711
36081080900,901.0327283279197
36081081400,495.8451143346131
36081081800,481.8253727393889
36081083700,631.3729477683934
36081083800,592.1814544929287
36081084000,733.9777333809249
36081084500,643.092791187961
36081084601,441.64348416126336
36081084602,415.97397878535713
36081084901,1430.1489421655617
36081084902,975.6553135036829
36081085300,1651.5903829264214
36081085500,771.86450495452
36081085700,749.829779710877
36081085900,781.3643102774473
36081086100,488.150707294849
36081086300,758.6497652186249
36081086400,539.1089368532234
36081086500,740.5783936405915
36081086900,866.2059157818497
36081087100,1685.2911041917243
36081088400,948.3269053208484
36081088902,716.6439192500736
36081088903,659.9044598236763
36081089201,807.6175883466074
36081089202,427.9117447633522
36081090700,457.2332905142077
36081091602,432.9668750747888
36081091603,483.388974581608
36081091604,427.9117447633522
36081091800,441.6643289197396
36081091900,575.988283335626
36081092200,439.5129535501755
36081092500,631.9983588083492
36081092800,485.0623845567363
36081092900,665.0091531163098
36081093401,531.8725671008665
36081093402,564.7033542014217
36081093800,657.80185844981
36081093900,636.1648413600694
36081094201,562.0099609582704
36081094202,718.9417737538203
36081094203,711.1143078841344
36081094500,649.8822291752696
36081094700,518.5317041796847
36081095400,772.5417991589356
36081096400,719.6021325244241
36081097202,579.7714772211746
36081097204,583.2465269574002
36081097205,569.9225180887698
36081097206,538.38808479863
36081097207,427.9117447633522
36081097300,430.1443155237585
36081098100,416.2122133149273
36081098700,452.83908346688827
36081099100,681.7164445886764
36081099200,663.9765878134442
36081099701,466.05395480230715
36081099703,484.3914337157239
36081099704,933.3935228412489
36081099705,441.4956520920256
36081099801,960.169653359098
36081099802,655.0865383881309
36081099900,427.9117447633522
36081100801,408.86561568921894
36081100803,706.1158414981438
36081100804,543.3714030747425
36081101002,645.5767943929801
36081101003,729.9669063989503
36081101004,720.6584079015415
36081101700,708.3234085919258
36081102900,523.0927447752958
36081103201,707.2417929324208
36081103202,866.3392283123142
36081103300,498.703637542601
36081103900,726.6030250252568
36081104700,746.4501486229998
36081105900,477.16338200674346
36081107201,436.8772599236753
36081107202,432.34418496193024
36081108500,512.4288279290388
36081109300,430.36634838424953
36081109700,389.1613718385525
36081109900,524.095592057035
36081111300,396.81066965827534
36081112300,617.0795175903258
36081112900,431.24737505621965
36081113300,411.125321836797
36081113900,573.6962742387141
36081114100,419.0231612111861
36081114700,402.29232941475954
36081115100,366.24885319003033
36081115500,445.32845375807665
36081115700,608.6202687158802
36081115900,533.633241552193
36081116100,584.6605554116688
36081116301,846.4632958688273
36081116302,586.6221817250184
36081116700,498.3078261424927
36081117100,721.3305440138546
36081117500,624.9355605567765
36081118100,505.75765939237607
36081118500,494.738699065434
36081118700,468.3499291687606
36081118900,480.6299154547259
36081119100,547.6077294587019
36081119300,487.36043748235153
36081119500,406.62998498123164
36081119900,386.95651429246567
36081120100,432.94443228946295
36081120300,433.40951509759446
36081120500,622.567671092257
36081120701,453.6334693988564
36081120702,439.0784198011579
36081121100,434.5772007569853
36081121500,577.824455550146
36081122300,487.272418981795
36081122702,921.8640353444965
36081122703,724.8839129453737
36081122704,623.2809484726213
36081124100,547.4905653932881
36081124700,523.9839652669822
36081125700,510.41822845879
36081126500,464.92619416853654
36081126700,568.9980282667316
36081127700,498.8472647545979
36081128300,474.35747694535746
36081129102,466.53530764039823
36081129103,578.0480363874993
36081129104,522.3980668590367
36081130100,590.7258357483923
36081133300,532.9433832033016
36081133900,397.4158959280555
36081134100,597.2462118669508
36081134701,754.9749049965723
36081134702,584.0773263419212
36081136700,711.9817631318878
36081137700,705.3684101257912
36081138501,525.7679747039134
36081138502,451.9474441079746
36081139900,382.81328395147233
36081140300,450.2409257309954
36081140901,358.84178048641115
36081140902,471.7537109282082
36081141700,636.543337671432
36081142900,545.2697018813536
36081143500,419.49182988332774
36081144100,457.06109467985243
36081144700,628.4775936681733
36081145101,479.967851750069
36081145102,484.0240043189448
36081145900,505.25001747791504
36081146300,564.6792532450717
36081146700,630.2517502442878
36081147100,642.081237498272
36081147900,579.1700782490141
36081148300,382.80042468233034
36081150701,438.41099519911387
36081150702,489.16975668318446
36081152901,629.782087511816
36081152902,609.9815097385592
36081155101,425.1378897674535
36081155103,508.8664133825042
36081155104,590.774632444511
36081156700,475.91395646408796
36081157101,843.7950763934354
36081157102,400.6556699479783
36081157901,561.8089682291534
36081157902,510.1484664248149
36081157903,497.3318706575651
36081161700,580.8172650544267
36081162100,608.5322522073957
36081990100,427.9117447633522
36085000300,536.4252748947622
36085000600,566.4481279035215
36085000700,697.920782606016
36085000800,616.8356833445788
36085000900,466.42461049542055
36085001100,605.0239355828005
36085001700,448.0206693173486
36085001800,405.36390877206287
36085002001,487.6118847063572
36085002002,567.502388716052
36085002100,809.7783512030219
36085002700,510.9073418872794
36085002900,684.3660386370956
36085003300,524.1291461512754
36085003600,459.76737072240525
36085003900,437.826895244685
36085004001,492.7602474066999
36085004002,449.36868831057825
36085004003,851.8604646570848
36085004004,481.23747356692917
36085004700,467.86334770426345
36085005000,619.1116168925214
36085005901,485.4865778658996
36085005902,441.34648260757785
36085006400,603.5287296225359
36085006700,494.02940951550244
36085007001,574.0317623906731
36085007002,643.0975582276702
36085007400,605.8881311924042
36085007500,592.931168883671
36085007700,435.33350500152505
36085008100,575.84424071305
36085009601,587.2495321603504
36085009602,570.8043191542059
36085009701,521.3855131991335
36085009702,438.3972192256847
36085010500,698.4155547507493
36085011201,620.3392963355918
36085011203,857.4011817717425
36085011204,435.27177084894834
36085011401,555.7869235790425
36085011402,518.9613121469888
36085012100,396.6058944306776
36085012200,614.4372696347427
36085012500,459.68625157651456
36085012804,676.6846737568561
36085012805,400.0997102300757
36085012806,685.174791438988
36085013201,401.34824257565793
36085013203,689.8034579706339
36085013204,565.3639355703
36085013301,450.1558920695861
36085013302,540.5995669545271
36085013400,605.4165858696972
36085013800,560.5036893791474
36085014100,466.34842122108563
36085014604,727.3773915266473
36085014605,442.984660805452
36085014606,658.1068324550982
36085014607,596.9639115126033
36085014608,473.5222876339983
36085014700,468.86283294860215
36085015100,597.7666705396066
36085015400,441.34648260757785
36085015601,660.1913741716053
36085015602,462.6527778506704
36085015603,606.6184856706212
36085016901,497.3742936261653
36085017005,546.709768393384
36085017007,620.6041125116908
36085017009,504.7477578207922
36085017011,528.4037974366986
36085017012,550.051511160569
36085017013,582.2719016951468
36085017014,482.2886381113504
36085017015,439.9725655878203
36085017016,510.91153718339916
36085017300,499.0216891367558
36085017600,588.0942665858995
36085017701,476.7943017288588
36085017702,416.991748829799
36085018100,516.5635247019951
36085018701,456.91921889018823
36085018703,500.586903773165
36085018704,503.45294411841434
36085018901,604.2564113071339
36085018902,584.2956901850418
36085019700,416.672043246367
36085019800,703.0368102203156
36085020100,577.7703423255972
36085020701,532.7097259839359
36085020702,556.3669488414165
36085020803,675.048842175174
36085020804,547.9178107968493
36085020805,631.4976663607312
36085020806,460.39800068608616
36085021300,610.4586948070695
36085022300,548.2401020556549
36085022601,705.4005884927492
36085022602,593.955579218882
36085022801,447.5356293762534
36085022802,443.64498067360853
36085023100,576.2491322654048
36085023900,528.6311113006591
36085024401,551.3574654921366
36085024402,516.1512202051713
36085024700,731.4814466583764
36085024800,567.0341776640335
36085025100,655.8159144895095
36085027301,553.4009932938588
36085027302,543.5397394678953
36085027702,1465.581081250647
36085027704,567.7458187156653
36085027705,597.4090030723119
36085027706,724.1627649938703
36085027900,401.8409024804283
36085029102,480.64108755825214
36085029104,702.1231656152335
36085029105,607.1047819836109
36085029106,502.31378732335736
36085030301,622.9655747477884
36085030302,736.879254364533
36085031901,729.1215018505704
36085031902,561.0534939984569
36085032300,423.4539648108309
36085990100,427.9117447633522
